morpheme,variant,nb,type,transitivity,nature,number,compositionRoot,intransSuffix,transSuffix,antipassive,engMean,freMean,combination,dialect,root,rootType,rootNb,END
aaha,,1,a,,,,,,,,,,aa/1a+ha,,aa,a,1,.
aahaak,,,a,,,,,,,,yes indeed,oui en effet!,aaha/1a+ak,southbaffin,aaha,a,1,.
aahailaak,,,a,,,,,,,,"yes, I know!","oui, je sais!",aaha/1a+ilaak/1q,aivilik,aaha,a,1,.
aahalii,,,a,,,,,,,,is that so?,vraiment?,aaha/1a+lii,aivilik,aaha,a,1,.
aahalunnaak,,,a,,,,,,,,"yes, very definitely!","oui, définitivement!",aaha/1a+lunnaak,aivilik,aaha,a,1,.
aahammarik,,,a,,,,,,,,"yes, really!","oui, vraiment!",aaha/1a+mmarik/1nn,aivilik,aaha,a,1,.
aahatakkuuk,,,a,,,,,,,,"yes, look! ; it's obvious! ; right in front of you!","oui, regarde! ; c'est évident! ; juste devant toi!",aaha/1a+takkuuk,aivilik,aaha,a,1,.
aahaugaluaq,,,a,,,,,,,,"yes, it's true, but ...","oui, c'est vrai, mais ...",aaha/1a+u/1nv+galuaq/2vn,aivilik,aaha,a,1,.
aallajuaq,,,v,i,,,,,ri/1vv,,to be strange or shy (trans.: with s.o.),être étrange ou gêné (trans.: avec qqn),aalla/1n+?,,,,1,.
aamilaak,,,a,,,,,,,,yes indeed,oui en effet!,aa/1a+m+ilaak/1q,wchb,aa,a,1,.
aananaak,,,a,,,,,,,,exclamation of pleasure: how lovely! ; how fine!,exclamation de plaisir: comme c'est beau! ; comme c'est charmant!,aanana+ak,,,,,.
aangaak,,,a,,,,,,,,exclamation at someone's stupidity or naivete: how stupid or naive!,exclamation devant la stupidité ou la naïveté de quelqu'un,aanga/1v+ak,,aanga,v,1,.
aanniaq,,,n,,,,,,,,illness; sickness,maladie,aanniq/1v+aq,,aanniq,v,1,.
aanniaq,,,v,i,a,,,,,,to be in pain; to be sick; to be a patient,avoir mal; être malade; être un patient,aanniq/1v+a/1vv,wchb,aanniq,v,1,.
aanniaqsiuqti,,,n,,,,,,,,nurse; doctor,infirmière; médecin,aanniaq/1n+siuq/1nv+ji/1vn,,aanniaq,n,1,.
aggaut,,,n,,,,,,,,wrist,poignet,aggak/1n+ut,,aggak,,,.
aggautimiutaq,,,n,,,,,,,,wrist-band; bracelet,bande de poignet; bracelet,aggaut/1n+miutaq/1nn,,aggak,,,.
aggautisiut,,,n,,,,,,,,wrist-band; bracelet,bande de poignet; bracelet,aggaut/1n+siut/1nn,,aggak,,,.
aggiarjuk,,1,n,,zoo,,,,,,long-tailed squaw duck,canard à longue queue de Terre-Neuve,aggiq/2n+arjuk/1nn,,,,,.
agluaq,,,n,,,,,,,,fishing hole in ice,trou de pêche dans la glace,aglu/1n+aq,,,,1,.
agluuq,,1,v,i,,,,,,,"to dive or plunge head-first under water - said of an animal (bird, seal)","plonger tête première sous l'eau - en parlant d'un animal (oiseau, phoque)",aglu/1n+uq,,,,1,.
agluuq,,2,v,i,a,,,,,,to have one's jaws pulled apart,avoir ses mâchoires écartées,?,,,,,.
ainnaak,,1,e,,,,,,,,exclamation of fear: 'You scared me!',"exclamation: ""Tu m'as fait peur !""",ainna+ak,,,,,.
airaumijaq,,1,v,i,,,,,,,"to have a wide range, speaking of a voice","avoir une grande étendue, parlant de la voix",?,,,,,.
aittukuluk,,1,a,,,,,,,,a little bit; a small quantity,un petit peu; une petite quantité,aittu+kulu/1nn,wchb northbaffin,,,,.
ajarausiq,,,n,,,,,,,,string figure,figure formée avec une corde,ajaraaq/1v+usiq/1vn,,,,,.
ajuqiqtuiji,ajugiqtuiji ajuqiqsuiji ajugiqsuiji,,n,,,,,,,,"Anglican missionary or minister, preacher",missionnaire ou ministre du culte anglican; prêcheur,ajuqiq/1v+tuq/1vv+i/1vv+ji/1vn,,,,,.
ajurnaq,,,v,i,,,,,,,cannot be helped,être impossible à faire,,,ajuq,,,.
akaqqi,akarri,1,v,i,a,,,,,,"to be more prosperous, to have better living conditions","être plus prospère, avoir de meilleures conditions de vie",,,akau,v,1,.
akpaliapik,,,n,,zoo,,,,,,dovekie,mergule nain,,,akpa,,,.
akpaliarjuq,,,n,,zoo,,,,,,dovekie,mergule nain,,,akpa,,,.
aksalik,,,v,t,,,,,,,[-R]to /rub or /work s.t. in circular fashion,[-R]/frotter qqch. avec un mouvement circulaire,,,,,,.
aksaluaq,,,n,,,,,,,,wheel; pulley; revolving disc,roue; poulie; disque rotatif,,,,,,.
aksualuk,,,a,,,,,,,,"(1) exhortation to apply a lot of pressure: ""Give it all you've got!""""; ""Apply a lot of pressure!"" (2) ""Very much so!""","(1) exhortation à appliquer beaucoup de pression: ""Donne tout ce que tu as!""; ""Force fort!"" (2) très; beaucoup",,,aksuq,n,1,.
aksunai,,,a,,,,,,,,"""Goodbye!"";  ""Nice seeing you!""","""Au revoir!""; ""Content de t'avoir vu!""",,ungava echb,aksuq,n,1,.
aksuruq,,1,v,i,,,,,,,"to do s.t. with force, strenght, effort or vigour","faire qqch. avec force, effort ou vigueur",,,aksuq,n,1,.
aksut,,,a,,,,,,,,"(1) exhortation to apply pressure: ""Apply pressure!"", ""Do it with force!"" (2) ""That's right!""; ""I certainly agree!""","(1) exhortation à appliquer une pression: ""Force!"" (2) ""C'est vrai!""; ""Je suis bien d'accord!""",,,aksuq,n,1,.
aktigi,,,v,i,a,,,,nil,,to be as big as,être aussi gros que,,,akti,,,.
aktuaji,,,n,,,,,,,,god-parent; god-father,parrain,,,aktuq,,,.
akuliaq,,1,n,,,,,,,,"space between the eyes, between the nostrils, between the fingers, etc.","espace entre les yeux, entre les narines, entre les doigts, etc.",,,aku,n,1,.
akuliarutaq,,1,n,,,,,,,,main or in-between sail,voile principale ou centrale,,,aku,n,1,.
akullit,,1,n,,,p,,,,,month of August,mois d'août,,,aku,n,1,.
akuni,,1,n,,,,,,,,"time interfal between events; ""long time""","intervalle de temps entre des événements; ""longtemps""",,,aku,n,1,.
akuni,,1,v,i,a,,,,,,"to be long, speaking of the wainting time","être long, en parlant du temps d'attente",,,aku,n,1,.
akuniq,,1,n,,,,,,,,(1) space or interval between objects or events (2) the middle of something  (3) connecting rod of engine,(1) espace ou intervalle entre des objets ou des événements (2) le milieu de quelque chose (3) bielle d'un moteur,,,aku,n,1,.
alaaksaq,,,n,,,,,,,,skins or other material for boot soles,peaux ou autre matériau pour semelle de botte,,,ala,,,.
alianait,,,v,i,e,,,gusuk/1vv,gi/4vv,,to be fun to do; to be fun to be with,être plaisant à faire; être plaisant d'être avec lui,,,alia,v,1,.
alianait,,1,e,,,,,,,,exclamation of pleasure or happiness: 'It's fun!',"exclamation de plaisir, de joie ou de bonheur : ""C'est plaisant !""",,,alia,v,1,.
aliktugaq,,,n,,,,,,,,aborted child,enfant avorté,,,alik,,,.
alilajuq,,,n,,,,,,,,paper,papier,,,alik,v,1,.
allannguaq,,,n,,,,,,,,narwhal,narval,,echb,allak,,,.
allarutiksaq,,,n,,,,,,,,wiping cloth; paper towel,linge à essuyer; essuie-tout en papier,,,allaq,,,.
allasima,,,v,,,,,,,,"to be a writing, a letter, a book","être une chose écrite, une lettre, un livre",,southbaffin echb,allak,,,.
allaviksaq,,,n,,,,,,,,writing paper,papier à écrire,,echb southbaffin,allak,,,.
allirittuq,,1,n,,,,,,,,Monday,lundi,,ECHB,,,,.
allituq,,1,n,,,,,,,,Sunday,dimanche,,ECHB,,,,.
alluaq,,1,v,i,,,,,,,to hurt the sole of one's foot from walking on sharp objects,se blesser la plante du pied en marchant sur des objets pointus,,,aluq,,,.
alluraq,,1,n,,,,,,,,threshold; door-sill,seuil; seuil de porte,,wchb,alluq,,,.
alluraujautiik,,1,n,,,d,,,,,bicycle,bicycle,,wchb,alluq,,,.
aluiqqaniq,,1,n,,,,,,,,snow drift,amoncellement de neige,,,,,,.
alutursaq,,1,v,i,a,,,,,,to be delighted or happy over a new acquisition,"être ravi, heureux d'une nouvelle acquisition",,,,,,.
amaamak,,1,v,i,,,,,,,to suckle at the breast,téter au sein,,,amaama,n,1,.
amaamakitajaq,,,n,,,,,,,,orange (the fruit),orange (le fruit),,,amaama,n,1,.
amaaq,,,v,i,,,,,,,to carry (a baby or other) in her hood,porter (un bébé ou autre) dans son capuchon,,,amaq,n,1,.
amiaq,,,n,,,,,,,,thin covering: skin; film; varnish; paint,couche mince: peau; film; vernis; peinture,,,amiq,n,1,.
amiaq,,,v,t,,,,,,,to cover with a thin covering; to paint; to varnish,couvrir avec une couche mince; vernir; peinturer,,,amiq,v,1,.
amiraq,,,n,,,,,,,,fish skin; skin of caribou horns,peau de poisson; peau des bois du caribou,,,amiq,n,1,.
amirtaq,,,n,,,,,,,,skin covering of a boat,recouvrement en peau d'un bateau,,,amiq,n,1,.
ammujaq,,,n,,,,,,,,drawer,tiroir,,,ammut,,,.
ammujaqtuq,,,n,,,,,,,,piston of engine,piston de moteur,,,ammut,,,.
ammuliut,,,n,,,,,,,,capstan,cabestan,,southbaffin,ammut,,,.
ammuqqut,,,n,,,,,,,,capstan,cabestan,,wchb,ammut,,,.
anaanaksaq,,,n,,,,,,,,stepmother,belle-mère,,,anaana,,,.
anaanattiaq,,,n,,,,,,,,grandmother,grand-mère,,,anaana,,,.
ananngiq,,,n,,zoo,,,,,,dung-fly; house-fly,mouche à merde; mouche domestique,,,anaq,,,.
anarviut,,,n,,,,,,,,receptable beneath stone lamp to catch oil drips,réceptacle sous une lampe de pierre pour recevoir les gouttes d'huile,,,anaq,,,.
anautaq,,,n,,,,,,,,bat; snow-beater,bâton; batteur à neighe,,,anau,v,1,.
angajuqqaaq,,,n,,,,,,,,"boss, chief; parent","patron, chef; parent",,,,,,.
anginnaktuq,,,n,,,,,,,,microscope,microscope,,,angi,,,.
angmajuq,,1,n,,,,,,,,puncture; rip; hoe which has been punctured or gashed,perforation; déchirure; trou causé par une perforation ou une déchirure,,,angmaq,v,1,.
angmaluqitaq,,,n,,,,,,,,circle; oval,cercle; ovale,,,angmaluq,,,.
angmartirut,,,n,,,,,,,,punch; primus-stove needle; nasal drops; etc.,perçoir; aiguille d'un réchaud de camping; gouttes nasales; etc.,,,angmaq,,,.
angmaturaq,,,n,,,,,,,,hold of a ship,cale d'un navire,,,angmaq,,,.
angujjuaq,,,n,,,,,,,,male bear when with family,ours mâle avec une famille,,,angu,,,.
angunasuk,,,v,i,,,,,,,to go hunting,aller chasser,,,angu,,,.
angusuq,,,v,i,,,,,,,to be a good hunter,être un bon chasseur,,,angu,,,.
angutaq,,,n,,,,,,,,father,père,,,angut,,,.
angutiqati,,,n,,,,,,,,paternal cousin,cousin paternel,,,angut,,,.
angutiviaq,,,n,,zoo,,,,,,cock; male bird,coq; oiseau mâle,,,angut,,,.
anguut,,,n,,,,,,,,marine propeller; boat propeller,hélice de bateau,,,anguaq,,,.
anguvigaq,,1,n,,,,,,,,large harpoon for hunting walrus,grand harpon pour chasser le morse,,,angu,,,.
aniksaq,,,n,,,,,,,,maternal cousin,cousin maternel,,,ani,n,1,.
anirnialuk,,,n,,,,,,,,Holy Ghost,Saint Esprit,,,aniq,v,1,.
anirniq,,,n,,,,,,,,(1) breath; expiration (2) spirit or ghost,(1) respiration; expiration (2) esprit ou fantôme,,,aniq,v,1,.
aniuksaq,,,n,,,,,,,,snow used to drink water,neige utilisée pour boire de l'eau,,,aniuk,n,1,.
aniuvak,,,n,,,,,,,,snow lying on slopes of hills,neige reposant sur la pente des collines,,,aniuk,,,.
anivvik,,,n,,,,,,,,time or place of birth,temps ou lieu de naissance,,,ani,v,1,.
annai,,,v,i,,,,,,,for a hunter to loose his quarry,"en parlant d'un chasseur, perdre sa proie",,,annak,v,1,.
anullaq,,,v,i,a,,,,,,to be solemn; grim-faced,être grave; avoir un air sévère,,,anut,v,1,.
anullarsivik,,1,n,,,,,,,,prison,prison,,,anut,v,1,.
apak&iq,,,n,,zoo,,,,,,dog furthest to rear in harnessed team; dog (usually greenhorn) closest to driver,"chien le plus à l'arrière dans un attelage; chien le plus près du conducteur (généralement un ""greenhorn"")",,,?,,,.
apiri,,,v,i,,,,,nil,,to ask someone a question,poser une question à quelqu'un,,,apiq,v,1,.
apirsukkaq,,,n,,,,,,,,inquisitive person,personne inquisitrice,,,apiq,v,1,.
apirsurut,,,n,,,,,,,,questionnaire,questionnaire,,,apiq,v,1,.
apirsuut,,,n,,,,,,,,questionnaire,questionnaire,,,apiq,v,1,.
apurtiniq,,,n,,,,,,,,rocks or pebbles along shore piled or formed by the action of ice or waves,roches ou caillous sur la grève amassés par l'action de la glace ou des vagues,,,apuq,,,.
apurtuk,,,n,,,,,,,,"two things that meet up with one another, that come up against or up flush with one another","deux choses qui se rencontrent, qui entrent en contact, en collision l'une avec l'autre",,,apuq,,,.
aqiarunnguaq,,,n,,,,,,,,carburetor,carburateur,,,?,,,.
aqiaruq,,,n,,,,,,,,stomach; ruminant's fourth stomach,estomac; quatrième estomac d'un ruminant,,,?,,,.
aqiaviniq,,,n,,,,,,,,abdomen,abdomen,,,?,,,.
aqiggirjuaq,,,n,,zoo,,,,,,Europen domestic chicken,poulet domestique européen,,,aqiggiq,n,1,.
aqiggivik,,,n,,zoo,,,,,,willow ptarmigan,lagopède des saules,,,aqiggiq,n,1,.
aqilluqqaaq,,,n,,,,,,,,new soft snow,nouvelle neige molle,,,aqit,,,.
aqiqqujuaksaq,,,n,,,,,,,,flour,farine,,wchb,aqiqquq,,,.
aqiqqujuaq,,,n,,,,,,,,bread,pain,,wchb,aqiqquq,,,.
aqittuujaaq,,,n,,,,,,,,rolled oats,avoine roulé,,northbaffin,aqit,,,.
aqqarusiq,,1,n,,,,,,,,caribou's second stomach,deuxième estomac du caribou,,,?,,,.
aqqaumasuuq,,,n,,,,,,,,submarine,sousmarin,,,aqqaq,,,.
aqupi,,1,v,i,,,,,,,to lie down in crouch position,être accroupi,,,?,,,.
aqut,,,v,i,,,,,,,to steer a boat,gouverner un bateau,,baffin ungava,aqu,,,.
aquti,,,n,,,,,,,,steersman; helmsman,timonier; homme de barre,,,aqu,,,.
arjaksaq,,,n,,,,,,,,coal,charbon,,wchb,arjaq,,,.
arjaliniq,,,n,,,,,,,,ash,cendre,,wchb,arjaq,,,.
arjaliniusibvik,,,n,,,,,,,,ash tray; ash can,cendrier,,wchb,arjaq,,,.
arnalluq,,,n,,zoo,,,,,,bitch (female dog); female fish,chienne (chien femelle); poisson femelle,arnaq/1n+lluq,,arnaq,,,.
arnaqati,,,n,,,,,,,,maternal cousin,cousin maternel,,,arnaq,,,.
arnaqquaksaq,,,n,,,,,,,,"(1) old woman (2) the queen, in playing card suite","(1) vieille femme (2) la reine, dans une suite de jeu de carte",,,arnaq,,,.
arnarsiri,,,v,i,,,,,,,to chase after girls,courir après les filles,,,arnaq,,,.
arnarvik,,,n,,,,,,,,maternal aunt,tante maternelle,,,arnaq,,,.
arnaviaq,,,n,,zoo,,,,,,female bird,oiseau femelle,,,arnaq,,,.
arniri,,,v,i,,,,,,,to chase after girls,courir après les filles,,,arnaq,,,.
arpajuk,,,v,i,,,,,,,for a dog or a horse to trot,"trotter, en parlant d'un chien ou d'un cheval",,,arpak,,,.
arsarniq,,,n,,,,,,,,Northern Lights,aurore boréale,,,arsaq,,,.
artursaq,,,v,i,,,,,,,to stagger from carrying too heavy a load on one's back,"tituber, chanceler à porter quelque chose trop lourd sur son dos",,,artuq,,,.
assalik,,,n,,,,,,,,paternal cousin,cousin paternel,,echb,assak,n,1,.
asuilaak,,,a,,,,,,,,so; that being the case;,alors; ceci étant le cas,asu/1e+ilaak/1q,,asu,e,1,.
ataataksaq,,,n,,,,,,,,stepfather,beau-père,,,ataata,,,.
ataatattiaq,,,n,,,,,,,,grandfather,grand-père,,,ataata,,,.
ataattiaraaluk,,,n,,,,,,,,bishop of R.C. Church,évêque de l'Église romaine catholique,,,ataata,,,.
atajumik,,,a,,,,,,,,always,toujours,,,,,,.
atajut,,1,n,,,,,,,,things joined in one piece,choses jointes en une seule pièce,,,,,,.
atausiiq,,,v,i,,,,,,,"to be done once, one time",être fait une fois,,,atausiq,,,.
atausiraaq,,,v,i,,,,,,,to get one of something,acquérir un de quelque chose,,,atausiq,,,.
atausivitti,,,v,,,,,,,,to do the same thing all the time,toujours faire la même chose,,,atausiq,,,.
atauttikkut,,,a,,,,,,,,all at once; all at the same time,"tout, au même moment; tout, tout de suite",,,atausiq,,,.
atirusijaq,,1,v,i,a,,,,,,"to be seen in the distance, speaking of the blizzard","être vu de loin, en parlant du blizzard",,,,,,.
atitukkut,,1,n,,,,,,,,frontal portion of atigi hood,partie frontale du capuchon de l'atigi,,,ati,v,1,.
attataq,,,v,i,,,,,,,for an animal to catch or to hold on repeatedly,"en parlant d'un animal, attraper ou tenir, de façon répétée",,,,,,.
attataq,,1,v,i,a,,,,,,to be caught in a steel-jaw trap,être capturé dans un piège à mâchoires en métal,,,attatit,n,=,.
atuaq,,1,v,t,,,,,,si/1vv,[-R]to /follow s.t. carefully; to /use s.t. continually,[-R]/suivre qqch. attentivement; /utiliser qqch. continuellement,,,atuq,v,1,.
atuarutit,,1,n,,,p,,,,,cracks on sea-edge ice made by pressure of tide,fissures dans la glace du bord de mer causées par la pression de la marée,,,,,,.
atuinnaq,,1,n,,,,,,,,something available,quelque chose de disponible,,,,,,.
atungaujaq,,1,n,,,,,,,,leaf of cowberry plant used as a filler in tobacco,feuille d'airelle rouge utilisée comme remplissage dans le tabac,,wchb,atungak,,,.
atungaujaq,,2,n,,,,,,,,mushroom,champignon,,northbaffin,atungak,,,.
aujaliq,,,n,,zoo,,,,,,animal in its summer coat,animal avec son pelage d'été,,,aujaq,,,.
aujanitaq,,,n,,,,,,,,something of summer,quelque chose de l'été,,,aujaq,,,.
aujaqsiuq,,,v,i,,,,,,,to spend the summer at,passer l'été à,,,aujaq,,,.
aujii,,,v,i,,,,,,,to spend the summer at,passer l'été à,,,aujaq,,,.
aujiivik,,,n,,,,,,,,summer camp; summer sojourn,camp d'été; séjour d'été,,,aujaq,,,.
aujuittuq,,,n,,,,,,,,glacier,glacier,,wchb,auk,,,.
aukkarnit,,,n,,,,,,,,fast-moving waters which do not freeze in the winter,eaux rapides qui ne gèlent pas en hiver,,,auk,,,.
auksiriaqtuq,,,n,,,,,,,,sugar,sucre,,padl,auk,,,.
auktuqti,,,n,,,,,,,,carnivore,carnivore,,,auk,,,.
aulagusiq,,,v,i,,,,,,,to take up a home in a new land,prendre demeure dans un territoire nouveau,,,aula,v,2,.
aulaji,,,v,i,,,,,,,to recall something from the past,se rappeler quelque chose du passé,,,aula,v,1,.
aulajjak,,,v,i,,,,,,,to move slightly,bouger légèrement,,,aula,v,1,.
aulaju,,,v,i,,,,,,,to watch movies,regarder des films,,echb,aula,,,.
aulajuutik,,,n,,,,,,,,movie projector,projecteur de film,,,aula,,,.
aulakattaaq,,,v,i,,,,,,,for a child to swing on a swing,"en parlant d'un enfant, se balancer sur une balançoire",,,aula,,,.
aulakkut,,,n,,,,,,,,flag; pennant,drapeau; fanion,,,aula,,,.
aulaniq,,,n,,,,,,,,moving ice field,champ de glace mouvante,,,aula,,,.
aulaniqsiuq,,,v,i,,,,,,,to hunt game animals on the moving ice,chasser des animaux sur de la glace mouvante,,,aula,,,.
aulasaq,,,v,i,,,,,,,to fish by line or jigging,pêcher à la ligne ou à la turlutte,,,aula,,,.
aulasaut,,,n,,,,,,,,fish line or jigging line,ligne de pêche ou ligne à turlutter,,,aula,,,.
aullautit,,,n,,,,,,,,engine; motor,machine; moteur,,northbaffin,aullaq,,,.
aunaaq,,,v,i,,,,,,,to bleed,saigner,,,auk,,,.
aupajaq,,,v,i,a,,,,,,"to be pink, reddish","être rose, rougeâtre",,,aupaq,,,.
aupajuk,,,v,i,a,,,,,,"to be pink, reddish","être rose, rougeâtre",,,aupaq,,,.
aupalattijuq,,,n,,,,,,,,caribou whose horns have just lost skin and are reddish from blood,caribou qui vient tout juste de perdre la peau de ses bois qui sont rouges de sang,,,,,,.
aurui,,,v,i,,,,,,,to bleed menstrually,saigner menstruellement,,southbaffin,auk,,,.
aviktaq,,,n,,,,,,,,month of December,mois de décembre,,,avik,,,.
aviktuittut,,,n,,,,,,,,set of matching garments; suit,ensemble de vêtements agencés; habit,,,avik,,,.
avinngalaq,,,n,,,,,,,,lemming-skin,peau de lemming,,,avinngaq,,,.
avunit,,,n,,,,,,,,month of March,mois de mars,,,avu,,,.
avviarutaq,,,n,,,,,,,,obstruction,obstruction,,,avviaq,,,.
avvik,,,n,,,,,,,,platform for scraping wet skins,plateforme pour gratter les peaux humides,,,,,,.
ibjuut,,1,n,,,,,,,,skin-drum tightener; prying instrument,tendeur (instrument),,,,,,.
ibvuartuq,,1,v,i,,,,,,,to grasp for breath,"chercher son souffle (comme quand on est contre de forts vents, etc.)",,,,,,.
igaliq,,1,n,,,,,,,,stove-pipe,tuyau de poêle,,Padl,iga,n,1,.
iglirnaq,,,n,,,,,,,,cliff ledge,saillie d'une montagne,,,igliq,,,.
iglit,,,n,,,,,,,,top edge of sleeping bench,bord supérieur d'un banc pour dormir,,,igliq,,,.
igluli,,,v,i,,,,,,,build a snowhouse,construire un igloo,,,,,,.
igluliriji,,,n,,,,,,,,housing officer,responsable du logement,,,,,,.
iglutaq,,,n,,,,,,,,bedroom,chambre à coucher,,,iglu,,,.
iigaq,,,n,,,,,,,,pill,pilule,,,,,,.
ijaruvak,,,n,,,,,,,,eye-ball,globe oculaire,,,iji,,,.
ijiikkiumi,,,v,i,,,,,,,to look at someone with hate or malice,regarder quelqu'un avec haine ou malice,,,iji,,,.
ijilirvik,,,n,,,,,,,,eye socket,orbite de l'oeil,,,iji,,,.
ijingmik,,,v,i,,,,,,,to signal someone with one's eyes,faire un signal à quelqu'un avec ses yeux,,,iji,,,.
ijiraq,,,n,,,,,,,,hiding land spirit in folklore,"dans le folklore, esprit de la terre qui se cache",,,ijiq,,,.
ijjarut,,,n,,,,,,,,muzzle,muselière,,,ijjaq,,,.
ijji,,,n,,,,,,,,foreing body in the eye,corps étranger dans l'oeil,,,iji,,,.
ijjit,,,v,i,,,,,,,to have something in the eye,avoir quelque chose dans l'oeil,,,iji,,,.
ijjuqqaq,,,n,,,,,,,,hardened or coagulated liquid,liquide durci ou coagulé,,,ijjuq,,,.
ijjurnait,,,v,i,,,,,,,to be a saint,être un saint,,,,,,.
ijjuut,,,n,,,,,,,,skin-drum tightener; prying instrument,tenseur de peau de tambour; instrument pour ouvrir,,,,,,.
ik&irvik,,,n,,,,,,,,tool chest,coffre à outils,,wchb,,,,.
ikaaqqaq,,,n,,,,,,,,(1) crossing (2) hour (by the clock),(1) traverse (2) heure d'horloge,,,ikaaq,,,.
ikaarut,,,n,,,,,,,,"bridge; pedestrian lane of street, etc.",pont; voie pour piétons d'une rue,,,ikaaq,,,.
ikajuut,,,n,,,,,,,,head strap for carrying heavy weights,lanière de tête pour porter des charges lourdes,,,ikajuq,,,.
ikaut,,,n,,,,,,,,"bridge; pedestrian lane of street, etc.",pont; voie pour piétons d'une rue,,,ikaaq,,,.
ikiarpavvik,,,n,,,,,,,,month of February,mois de février,,,ikiaq,,,.
ikittartuq,,,n,,,,,,,,flashlight,torche électrique,,,ikit,,,.
ikittaq,,,v,i,,,,,,,to flash on an off,clignoter,,,,,,.
ikkaqquq,,,n,,,,,,,,reef; shoal; shallow,"récif, écueil; bas-fond; haut-fonds",,,ikkat,,,.
ikkarit,,,v,i,,,,,,,to be stuck or grounded on a reef or shallow,être coincé ou immobilisé sur un récif ou les hauts-fonds,,,ikkat,,,.
ikkarsaut,,,n,,,,,,,,methyl hydrate; priming fluid,alcool méthylique; liquide inflammable pour amorcer un feu,,,,,,.
ikpiarjuk,,1,v,t,,,,,,si/1vv,to /put s.t. in a bag,/mettre qqch. dans un sac,,,,,,.
ikpiarjuk,,1,n,,,,,,,,bag; pouch; pocket; block or push-in magazine for rifle,sac; poche; pochette; étui à munitions; magasin d'une carabine,,,,,,.
ikpiugaq,,,n,,,,,,,,sharp drop in land or terrain,baisse abrupte de terrain,,,ikpik,,,.
iksarvik,,,n,,,,,,,,loading dock; wharf,quai de chargement; embarcadère,,wchb,,,,.
iksiarjuaq,,,n,,,,,,,,Roman Catholic priest,prêtre catholique romain,,wchb,iksiq,,,.
iksiqqaq,,,n,,,,,,,,letter; writing,lettre; qqch. écrit,,padl,iksiq,,,.
iksiraut,,,n,,,,,,,,pen; pencil; writing implement,plume; crayon; instrument pour écrire,,padl,iksiq,,,.
iksirvik,,,n,,,,,,,,box,boîte,,northbaffin,iksiq,,,.
ikuluk,,1,v,i,,,,,,,"to make sound, speaking of running or dancing feet or hoof beats","faire du bruit, en parlant de pas de course, de danse, de galop",,,,,,.
ikumaaluk,,,n,,,,,,,,hell,enfer,,,ikuma,n,1,.
ikumajaq,,,n,,,,,,,,candle,chandelle,,,ikuma,n,1,.
ikumak,,,v,i,,,,,,,to tend the flame or the wick on the lamp,entretenir la flamme ou la mèche d'une lampe,,,ikuma,n,1,.
ikumalik,,,n,,,,,,,,motor-boat,bateau à moteur,,,ikuma,n,1,.
ikumirvik,,,n,,,,,,,,place to set engine,endroit où placer le moteur,,,,,,.
ikusik,,,n,,,,,,,,elbow,coude,,,ikut,,,.
ikuutaq,,,n,,,,,,,,drill,perceuse,,,,,,.
ikuutaq,,,v,t,,,,,,si/1vv,[-R]to /drill or /bore holes in s.t.,[-R]/percer qqch. d'un trou,,,,,,.
ikuvit,,,v,i,,,,,,,to lean on something with elbow or arm,s'appuyer sur qqch. avec le coude ou le bras,,,ikut,,,.
ilaanni,,,a,,,,,,,,sometimes,quelquefois,,,,,,.
ilaannikkut,,,a,,,,,,,,from time to time,de temps en temps,,,ilaanni,,,.
ilakku,,,n,,,,,,,,"part, portion","partie, portion",,,ila,,,.
ilaksaut,,,n,,,,,,,,(1) baking powder (2) lubricating oil,(1) poudre à pâte (2) huile lubrifiante,,,,,,.
ilanniq,,,n,,,,,,,,patch on shoulder-blade of atigi,pièce sur l'épaule de l'atigi,,northbaffin,,,,.
ilaut,,,n,,,,,,,,ice scoop,cuillère à glace,,,ilaaq,,2,.
iliarjuk,,1,n,,,,,,,,orphan,orphelin,,,,,,.
iliijaq,,1,n,,,,,,,,tortured or maimed person,personne torturée ou estropiée,,,,,,.
iliijaqsuq,,1,v,i,,,,,,,to torture or maim someone with intent,torturer ou estropier qqn intentionnellement,,,iliijaq,n,1,.
ilijaq,,,n,,,,,,,,meat cache,cache de viande,,,ili,,,.
ilingniq,,,n,,,,,,,,patch on shoulder-blade of atigi,pièce sur l'épaule de l'atigi,,wchb,,,,.
ilinniaq,,,v,i,,,,,,,to learn; to study; to go to school,apprendre; étudier; aller à l'école,,,ilit,,,.
ilinniaqtit,,,v,t,,,,,,,to make oneself learn,faire que l'on apprend,,,ilinniaq,,,.
ilinniariaq,,,n,,,,,,,,student; school-child,étudiant; écolier,,,ilinniaq,,,.
ilinniarut,,,n,,,,,,,,school-book; school-text,livre d'école,,,ilinniaq,,,.
ilinniarvik,,,n,,,,,,,,school,école,,,ilinniaq,,,.
ilinniut,,,n,,,,,,,,school-book; school-text,livre d'école,,,ilinniaq,,,.
iliqqusiq,,,n,,,,,,,,"custom, manner, habit","coutume, manière, habitude",,wchb northbaffin,,,,.
ilirnikku,,,n,,,,,,,,remnant; scrap; left-over,reste; vestige; restant,,,,,,.
ilisaiji,,,n,,,,,,,,teacher,"professeur, enseignant",ilit/1v+saq/1vv+i/1vv+ji/1vn,,ilit,,,.
ilisaq,,,v,i,,,,,,,"to learn, study, go to school",apprendre; étudier; aller à l'école,,,ilit,,,.
ilisima,,,v,i,,,,,,,"to have been educated, to be learned in something","être éduqué, être connaissant dans un domaine",,,ilit,,,.
illaigut,illaigutik,,n,,,,,,,,comb,peigne,,,illa,n,,.
illaulik,,,n,,zoo,,,,,,pregnant cow,vache enceinte,,,illaut,,,.
illuarjuk,,,n,,,,,,,,cousin (general),cousin (général),,southbaffin,,,,.
iluma,,1,v,i,a,,,,,,to be frosted up from condensation,être givré par la condensation,,,ilu,n,2,.
ilupaq,,,n,,,,,,,,inner or under garment,vêtement intérieur ou sous-vêtement,,,ilu,,1,.
ilupiruk,,,n,,,,,,,,under garment,sous-vêtement,,,ilu,,1,.
ilusima,,1,v,i,a,,,,,,to be frosted up from condensation,être givré par la condensation,,,ilu,n,2,.
ilusiq,,,n,,,,,,,,"custom, manner, habit","coutume, manière, habitude",,,,,,.
ilut,,,n,,,,,,,,inside layer of fat in caribou intestines,couche interne de gras dans l'intestin du caribou,,,ilu,,1,.
ilutak,,,n,,,,,,,,groin; inside of the leg,aine; intérieur de la jambe,,,ilu,,1,.
ilutakkut,,,a,,,,,,,,to the left side of an object,à gauche d'un objet,,,ilu,,1,.
ilutakkut,,,v,i,,,,,,,to be missed by being shot to the left,être raté à cause d'un tir trop à gauche,,,ilu,,1,.
iluviq,,,n,,,,,,,,grave,tombe,,,ilu,,1,.
iluviq,,,v,i,,,,,,,to be buried,se faire enterrer,,,ilu,,1,.
iluvirvik,,,n,,,,,,,,graveyard,cimetière,,,iluviq,n,,.
imaaq,,,v,i,,,,,,,to be pushed or knocked into the water,être poussé dans l'eau,,,imaq,n,1,.
imaaq,,,v,i,,,,,,,to fall in the water or get wet,tomber à l'eau; se faire mouiller,,,imaq,n,1,.
imaaqsuuq,,,n,,,,,,,,swamp; marsh,marécage; marais,,,imaq,n,1,.
imaijaut,,,n,,,,,,,,pump,pompe,,,imaq,n,1,.
imaqarvik,,,n,,,,,,,,place to keep water,endroit où garder de l'eau,,,imaq,n,1,.
imataarvik,,,n,,,,,,,,well; water-hole,puit; trou d'eau,,,imaq,n,1,.
imauniq,,,n,,,,,,,,passage of water between ice fields,passage d'eau entre des plaques de glace,,,imaq,n,1,.
imaut,,,n,,,,,,,,water glass; goblet,verre à boire; gobelet,,,imaq,n,1,.
imavissiuq,,,v,i,,,,,,,"to travel through, on the sea",traverser la mer,,,imaq,n,1,.
imialuk,,,n,,,,,,,,whisky; hard liquor,whisky; liqueur alcoolisée,,,imiq,,,.
imingnailaq,,,n,,,,,,,,cloudy dull weather,temps gris nuageux,,,imingnak,,,.
imiqqutailaq,,,n,,zoo,,,,,,tern,hirondelle de mer,,,imiq,,,.
imiqutak,,,n,,,,,,,,groin; inside of leg,aine; intérieur de la jambe,,natt,,,,.
immakallak,,,a,,,,,,,,in ancient times,dans les temps anciens,,,imma,,,.
immualuk,,,n,,,,,,,,cheese,fromage,,,immuk,,,.
immuksaut,,,n,,,,,,,,powdered milk,lait en poudre,,,immuk,,,.
immuujaartuq,,,n,,,,,,,,butter,beurre,,wchb,immuk,,,.
imrngilaaq,irngilaaq,1,v,i,,,,,,,"to growl, speaking of a polar bear","grogner, en parlant de l'ours polaire",,,,,,.
imujaksaq,,,n,,,,,,,,fine-cut cigarette tobacco,tabac à cigarette finement coupé,,wchb,imu,,,.
imulluq,,,n,,,,,,,,wrinkle; crease,pli,,,imu,,,.
imunganiq,,,n,,,,,,,,crease; fold,pli,,,imu,,,.
imutiksaq,,,n,,,,,,,,cigarette paper,papier à cigarette,,northbaffin,imu,,,.
inangiq,,,v,i,,,,,,,to take one's place,prendre sa place,,,ini,,1,.
ingiaqati,,,n,,,,,,,,"companion, chum","compagnion, copain",,,ingiaq,,,.
ingirrajaq,,,v,i,,,,,,,to travel,voyager,,,ingirra,,,.
ingirrajaq,,,n,,,,,,,,checker or chessman,pion du jeu d'échecs,,northbaffin,ingirra,,,.
ingirrajarvik,,,n,,,,,,,,"chess, checker board",échiquier,,northbaffin,ingirrajaq,n,,.
ingirraniq,,,n,,,,,,,,"water, ocean current","courant d'eau, de l'océan",,,ingirra,,,.
ingiulliq,,,v,i,,,,,,,for the sea to swell or rise and fall in swells,"être houleuse, en parlant de la mer",,,,,,.
ingiullirngu,,,v,i,a,,,,,,to be sea-sick,avoir le mal de mer,,,ingiulliq,,,.
iniksaq,,,n,,,,,,,,place for something; room,salle; pièce; chambre,,,ini,,1,.
iniqunak,,1,v,i,a,,,,,,"to be beautiful, good-looking, handsome","être beau, de belle apparence, en parlant d'une personne",,,,,,.
inirniq,,,n,,,,,,,,adult,adulte,,natt,iniq,,,.
initaq,,,n,,,,,,,,drying rack above lamp,"cadre à sécher, au dessus d'une lampe",,,ini,v,,.
innaarulaaq,,,n,,,,,,,,hillside,flan de coteau,,,innaaq,,,.
innaaruq,,,n,,,,,,,,small cliff wall or hillside,"petit mur de falaise ou d'escarpement, ou petit flan de coteau",,,innaaq,,,.
innarviut,,1,n,,,,,,,,hunting bag,sac de chasse; besace,,,,,,.
inngiqataujut,,,n,,,p,,,,,choir; singing group,choeur; groupe qui chante,,,inngiq,,,.
inngiriaqtuq,,,v,i,,,,,,,to go off to church,aller à l'église,,,inngiq,,,.
inngiritti,,,v,i,,,,,,,to play the accordion,jouer de l'accordéon,,wchb,,,,.
inngirittijjut,,,n,,,p,,,,,accordion,accordéon,,wchb,inngiritti,,,.
inngirusiq,,,n,,,,,,,,singing style; type of song,style de chant; type de chanson,,,inngiq,,,.
inngirut,,,n,,,,,,,,accordion,acoordéon,,northbaffin,inngiq,,,.
inuaq,,,v,i,,,,,nil,,"to murder, kill someone","tuer, assassiner qqn",,,inuk,,,.
inugaq,,,n,,,,,,,,"toes, fingers (collectively)","orteils, doigts (collectivement)",,,inuk,,,.
inugiak,,,n,,,,,,,,population,population,,,,,,.
inuilaq,,,n,,,,,,,,wilderness,nature sauvage,,,inuk,,,.
inukpak,,,n,,,,,,,,giant,géant,,,inuk,,,.
inuksuk,,,n,,,,,,,,traditional stone beacon made of piled stones,balise traditionnelle en pierre faite de cailloux empilés,,,inuk,,,.
inuliriji,,,n,,,,,,,,social worker,travailleur social,,,,,,.
inuu,,,v,i,,,,,,,to be born; to be alive,être né; être vivant,,,inuk,,,.
inuuniq,,,n,,,,,,,,life; living,vie,,,inuk,,,.
inuuq,,,v,i,,,,,,,to be not reacheable or attainable,être inaccessible,,,inuk,,,.
inuuvvik,,,n,,,,,,,,birth place or date,date ou lieu de naissance,,,inuk,,,.
iqigagiarjuk,,1,n,,zoo,,,,,,small Franklin-type sea gull,petite mouette ressemblant à la mouette de Flanklin,,,,,,.
iqqanaijaq,iqanaijaq,,v,i,,,,,,nil,to work (trans.: at making s.t.),travailler (trans.: sur qqch. qu'on fabrique)),iqqaq/1v+naq/1vv+iq/2vv+jaq/2vv,,,,,.
iqqanaiq,iqanaiq,,v,t,,,,,,si/1vv,to have finished making or doing s.t.; to work; to have a job[P]to be finished being made or done,avoir fini de faire quelque chose; travailler; avoir un emploi[P]être fini d'être fait,,,?,,,.
iqqavik,,1,n,,,,,,,,entrails; innards; guts,entrailles; tripes,,,,,,.
irngilaaq,,,v,i,,,,,,,for a bolar bear to growl,"grogner, en parlant de l'ours polaire",,northbaffin,,,,.
irnisuk,,1,v,t,,,,,,si/1vv,[-R]to /help s.o. deliver the baby [R]to be in labour; to be about to give birth,"[-R]/aider qqn à accoucher[R]être sur le point, ou en train d'accoucher",,,,,,.
irsivik,,1,n,,,,,,,,box,boîte,,,,,,.
irsuujat,,1,n,,bot,p,,,,,edible sea-weed,algue comestible,,,,,,.
isumataq,,,n,,,,,,,,boss,patron,,,,,,.
itingmik,,1,v,t,,,,,,si/1vv,to /kick s.t. with the foot,[T]donner un coup de pied à qqn[P]se faire donner un coup de pied[R]se donner un coup de pied,,,,,,.
ivalluk,,1,v,i,,,,,,,to remove the sinew from a caribou or white whale,enlever les tendons d'un caribou ou d'une baleine blanche,,,ivaluk,n,1,.
ivumi,,1,v,i,,,,,,,"to swell and die, speaking of a noise in the distance","grossir et mourir, en parlant d'un bruit dans le lointain",,,,,,.
ivutuq,,1,v,i,a,,,,,,to be a noise heard from a distance but the cause is unseen,être un bruit entendu dans le lointain mais la cause est inconnue,,,,,,.
kiigiaq,,,n,,,,,,,,beaver,castor,,,,,,.
kiinaujaq,,1,n,,,,,,,,money,argent,kiinaq/1n+u/1nv+jaq/3vn,,kiinaq,n,1,.
killaq,,1,n,,,,,,,,melted hole,trou fondu,,,kilaa,n,1,.
killiq,,1,n,,,,,,,,cut; gash; minor wound,coupure; entaille; blessure mineure,,,kiliq,v,1,.
kiluaq,,1,v,t,res,,,,,si/1vv,[-R]to /rip or /undo s.t. (a garment at the seam) [R]to rip or come apart at the seam,/déchirer ou /défaire qqch. (un vêtement au niveau de la couture),,,kilu,n,1,.
kimmiqquq,,1,n,,ana,,,,,,achilles talon,talon d'achille,,,kimmik,n,1,.
kingaruq,,1,n,,,,,,,,small hill; knoll,petite colline; butte,,,kingaq,n,1,.
kisutuinnaq,,1,pr,,,,,,,,anything,n'importe quoi,kisu/1p+tuinnaq/2nn,,,,,.
kubluruq,,1,n,,,,,,,,hind nail of a dog's or caribou's foot,griffe arrière de la patte d'un chien ou d'un caribou,,,kublu,n,1,.
kuussiniq,,1,n,,ana,,,,,,spine from lower rib to sacrum; spine or back-bone of lumbar region,"partie de la colonne vertébrale, de la côte inférieure jusqu'au sacrum, de la région lombaire",,,kuussiq,n,1,.
kuviraut,,1,n,,,,,,,,an igloo floor which has been iced to make it tidy,plancher d'un igloo qui a été glacé pour le rendre propre,,,,,,.
majuqqaq,,1,n,,,,,,,,ascent; rise; s.t. requiring a climb,montée; ascension; qqch. qui requiert de monter,,,majuq,v,1,.
makpataq,,1,n,,,,,,,,snow-block cut from surface,bloc de neige coupé à la surface du sol,,,makpat,v,1,.
maligaliurvik,,1,n,,,,,,,,legislative assembly,assemblée législative,malik/1v+gaq/1vn+liuq/1nv+vik/3vn,,malik,v,1,.
maligaq,,1,n,,,,,,,,bill,loi; règlement,,,,,,.
naalagaq,,,n,,,,,,,,boss; authority,patron; authorité,,,,,,.
naassingujaaq,,1,n,,,,,,,,Sunday,dimanche,,N. Baffin,,,,.
nagajjauq,,1,n,,,,,,,,Monday,lundi,,N. Baffin,,,,.
nakit,,,a,,abl,,,,,,whence; from what place,d'où,,,,,,.
nalunak,,,v,i,a,,,,,,"to be unclear, confusing","ne pas être clair, porter à confusion",,,nalu,,,.
nalunaq,,,n,,,,,,,,confusion,confusion,,,nalu,,,.
namut,,,a,,dat,,,,,,whither; to what place,vers où,,,,,,.
nani,,,a,,loc,,,,,,where; in what place,où; à quel endroit,,,,,,.
naukkut,,,a,,via,,,,,,through what place,à travers où,,,,,,.
nauktaima,,,a,,,,,,,,where is,où est,,,,,,.
nimiriaq,,,n,,,,,,,,snake,serpent,,,,,,.
niruaqtaujumajuq,,,n,,,,,,,,candidate,candidat,,,,,,.
nuliaq,,,n,,,,,,,,wife,épouse,,,,,,.
nunaqaq,,,v,i,,,,,,,live in,demeurer à,,,,,,.
pinasuarusiq,,,n,,,,,,,,week,semaine,,,,,,.
pingasut,,1,n,,nb,,,,,,three; number three,trois,pingasu/1n+t/?,,,,,.
piqati,,,n,,,,,,,,partner,partenaire,,,,,,.
piqusiq,,1,n,,,,,,,,"custom, manner, habit","coutume, manière, habitude",,wchb northbaffin,,,,.
qangatasuuq,,,n,,,,,,,,plane,avion,,,,,,.
qaplunaaq,,,n,,,,,,,,"stranger, not inuk","étranger, pas inuk",,,qablu,n,1,.
qaujima,,,v,i,,,,,nil,,know,savoir,qauji/1v+ma/1vv,,,,,.
qaukpat,,,a,,,,,,,,tomorrow,demain,,,qauk,v,1,.
qautamaat,,,a,,,,,,,,every day; daily,chaque jour; quotidiennement,,,qau,n,1,.
qimirruaq,,1,n,,,,,,,,magazine; book; newspaper,magazine; livre; journal,,,qimirru,v,1,.
qujannamiik,,1,a,,,,,,,,thank you!,merci!,quja/1v+naq/1vv+miik/1vn,,quja,v,1,.
qukiuti,,,n,,,,,,,,gun,fusil,,,,,,.
singnaktuuma,,,v,i,,,,,,,dream,rêver,,,,,,.
sivuliqti,,1,n,,,,,,,,Premier,premier ministre,sivu/1n+liq/3nv+ji/1vn,,,,,.
sivuliuqti,,1,n,,,,,,,,Premier,premier ministre,sivu/1n+liq/3nv+uq/3vv+ji/1vn,,,,,.
sukkajukkut,,,n,,,,,,,,fax,télécopie,,,,,,.
summat,,1,v,i,,,,,,,why,pourquoi,,,su,,,.
taliaq,,,n,,,,,,,,wrist-watch; bracelet,montre-bracelet; bracelet,,,taliq,,,.
tallimat,,1,n,,nb,p,,,,,five; number five [WCHB; Natt.; N. Baffin],cinq,tallima/1n+t/?,,,,,.
timiquti,,,n,,,,,,,,organization,organisme,,,timi,n,1,.
timiujuq,,1,n,,,,,,,,department,département,,,timi,n,1,.
titiraq,,,v,i,,,,,,,write,écrire,,,,,,.
titirarvigi,,,v,t,,,,,,,write to,écrire à,,,,,,.
titirarvik,,,n,,,,,,,,desk,bureau,,,,,,.
tukisi,,,v,i,,,,,nil,,to understand (trans.: s.t.),comprendre (trans.: qqch.),tuki/1n+si/4nv,,,,,.
tuksiaq,,1,v,i,,,,,nil,,"to pray, ask, beg, plead for s.t.","demander, quémander quelque chose, prier, mendier",tuksiq/1v+?,,,,,.
tuksiarvik,,,n,,,,,,,,church,église,tuksiaq/1v+vik/3vn,,,,,.
tusauma,,,v,i,,,,,,,to have heard of,avoir entendu à propos de,,,,,,.
uiviititut,,1,n,,,,,,,,the French language,la langue française,uivii/1n+titut/tn-sim-p,,,,,.
ullumi,,,a,,,,,,,,today,aujourd'hui,,,ubluq,n,1,.
unnuksaq,,1,n,,,,,,,,afternoon,après-midi,unnuk/1n+ksaq/1nn,,,,,.
uqaalaut,,,n,,,,,,,,telephone,téléphone,,,,,,.
uqalimaaq,,,v,i,,,,,,,to read,lire,,,,,,.
uqallak,,,v,i,,,,,,,to talk,parler (à quelqu'un),,,,,,.
uqalugvigi,,,v,t,,,,,,,to speak on the phone with,parler au téléphone avec,,,,,,.
uqaluk,,,v,i,,,,,,,to phone,téléphoner,,,,,,.
uqauti,,,v,i,,,,,,,to tell (someone),dire (à quelqu'un),,,,,,.
uumajuliriji,,,n,,,,,,,,wildlife officer,officier de la faune,,,,,,.
uumajuq,,,n,,,,,,,,animal,animal,uuma/1v+juq/1vn,,,,,.
uvinngiaraq,,,v,i,,,,,,,whistle,siffler,,,,,,.
uvvalu,,1,c,,,,,,,,or,ou,,,,,,.
uvvaluunniit,,1,c,,,,,,,,or else,ou bien,,,,,,.
