morpheme,variant,nb,type,transitivity,nature,number,compositionRoot,plural,intransSuffix,transSuffix,antipassive,engMean,freMean,dialect,combination,root,rootNb,rootType,END
aippiq,,1,v,t,,,,,,,i/1vv,[T]to add a second thing to s.t.[P]to be added a second thing,[T]ajouter une deuxième chose à qqch.[P]se faire ajouter une deuxième chose,,,aippaq,1,n,.
ait,,1,v,t,,,,,,,si/1vv,[-R]to /fetch or /bring s.t.,"[-R]/apporter, /rapporter qqch.",,ai/1v+t/1vv,,,,.
amisut,,1,n,,,,,,,,,many things,plusieurs choses,,,,,,.
ariut,,1,v,t,,,,,,,si/1v,[-R]to /reject s.o. or s.t.; not to /want s.t. or /love s.o. any longer,[-R]/rejeter qqn ou qqch.; ne plus /aimer qqn ou /vouloir qqch.,,ariu/1v+t/1vv,,,,.
aulat,,1,v,t,,,,,,,si/1vv,[-R]to /direct or /govern s.t.,"[-R]/diriger, /administrer qqch.",,aula/1v+t/1vv,,,,.
igluvigaq,,1,n,,,,,,,,,snow house; inhabited snow house,habitation faite de neige,,iglu/1n+?,,,,.
inuusiq,,1,n,,,,,,,,,"one's life, experience","vie, expérience de qqn",,,inuk,1,n,.
katit,,1,v,t,res,,,,,,si/1vv,[-R]to /put s.t. together; to /assemble s.t. [R]to come together to form one,[-R]/assembler qqch.[R]s'unir pour ne former qu'un,,kati/1v+t/1vv,,,,.
manni,,1,t,,,,,,,,,[T]to resign or steel oneself to receive attack or insult from s.o.,"[T]se résigner, se préparer à recevoir une attaque ou une insulte de qqn.",,,mannik,1,v,.
mannuq,,1,v,i,,,,,,,,to shrink or sink into the ground; to settle,"rétrécir, se contracter ou s'enfoncer dans le sol; se tasser",,mannak/1v+?,,,,.
marruuk,,1,n,,,,,,,,,two; number two,deux; nombre deux,,,marru,1,n,.
massak,,1,v,i,,,,,,,,to make the noise of s.t. wet,faire le bruit de qqch. qui est mouillé,,,masak,1,n,.
mau,,1,v,i,,,,,,,,to fall through or to get stuck in deep soft snow,s'enfoncer ou s'enliser dans la neige molle profonde,,,mauja,1,n,.
maujaq,,1,v,i,,,,,,,,to get stuck in deep soft snow repeatedly,s'enliser dans la neige molle profonde de façon répétée,,,mauja,1,n,.
maujjak,,1,v,i,a,,,,,,,to be now covered with deep soft snow,être maintenant recouvert de neige molle profonde,,,mauja,1,n,.
mik&i,,1,v,i,,,,,,nil,,to get smaller; trans.: to make s.t. smaller,devenir plus petit; trans.: rapetisser qqch.,,,miki,1,v,.
mikaq,,1,v,i,,,,,,nil,,"to bite s.t., nipple s.t., tear at s.t. with the teeth repeatedly",mordre qqch.; mordiller qqch.; déchirer qqch. avec les dents de façon répétée,,,mikik,1,v,.
mikigaq,,1,n,,,,,,,,,raw meat,viande crue,,,mikik,1,v,.
mikiliraq,,1,n,,,,,,,,,ring finger; third finger,annulaire; troisième doigt,,,miki,1,v,.
millaq,,1,n,,,,,,,,,chip on the surface or coating of s.t.,"fragment, ébréchure, éclat à la surface de quelque chose",,,miliq,1,v,.
milluaq,,1,v,t,,,,,,,si/1vv,[-R]to /suck s.t. in with a series of sucks,[-R]/sucer qqch. en une série de succions,,,miluk,1,v,.
miqqiaq,,1,n,,,,,,,,,(1) seal's new hair after shedding in spring (2) a seal whose hair is not falling out in the spring,(1) nouvelle fourrure du phoque après la mue du printemps (2) un phoque qui n'a pas perdu ses poils au printemps,,,miqquq,1,n,.
mittau,,1,v,i,a,,,,,,,to be passed over in the communal food or game sharing,être mis de côté lors du partage du repas ou du gibier,,,,,,.
naalaut,naalautik,1,n,,,,,,,,,radio,radio,,,naalak,1,v,.
naaqquq,,1,n,,,,,,,,,full moon,pleine lune,,,naaq,1,n,.
nabgit,,1,v,t,,,,,,,si/1vv,to /break s.o.'s or s.t.'s leg,[T]briser la jambe de qqn ou la patte d'un animal[P]se faire briser la jambe ou la patte[R]se briser la jambe ou la patte,,nabgi/1v+t/1vv,,,,.
nabluq,,1,v,t,res,,,,,,si/1vv,to /break or /snap s.t. across in several places or several times,/briser ou /casser qqch. en plusieurs endroits ou plusieurs fois,,,napi,1,v,.
naggavik,,1,n,,,,,,,,,table; bench,table; établi,,,,,,.
nakasirvik,,1,n,,,,,,,,,front-site base of a rifle (where bead is placed),base du guidon d'une arme à feu (là où la mire est placée),,,nakataq,1,n,.
nakasungnak,,1,n,,ana,,,,,,,calf of leg,mollet,,,nakasuk,1,n,.
nakasungnaktuq,,1,n,,,,,,,,,frog or toad,grenouille ou crapaud,,,nakasungnak,1,n,.
nakataq,,1,v,i,,,,,,,,to throw stones or other objects at a standing target to knock it down,lancer des pierres ou d'autres objets à une cible stationnaire pour la faire tomber,,,nakataq,1,n,.
nakiit,,1,v,i,,,,,,,,"to shoot under the mark, due to faulty site adjustment or alignment","tirer en-dessous de la cible, à cause d'un mauvais alignement",,,nakiq,1,v,.
naktibvik,,1,n,,,,,,,,,hook; catch; peg for hanging clothes; catch of lock,"crochet; tige pour accrocher les vêtements; fermeture d'une serrure, d'un cadenas",,?+vik/3vn,naktit,1,v,.
naktit,,1,v,t,,,,,,,si/1vv,to /hook or /catch s.t. on something protruding,"/accrocher, /pendre  qqch. à un objet en saillie",,?+t/1vv,,,,.
nalliutiniq,,1,n,,,,,,,,,birthday,anniversaire,,,nalliuti,1,v,.
nanijjutiksaq,,1,n,,,,,,,,,address; identification card,adresse; carte d'identification,,,nani,1,a,.
nanirut,nanirutik,1,n,,,,,,,,,lantern; beacon [WCHB]; flashlight [ECHB],lanterne; balise [côte ouest Baie d'Hudson]; torche électrique [côte est Baie d'Hudson],,,nani,1,a,.
nanuiq,,1,v,t,,,,,,,,"[-R]to /ice s.t. (the peat on the runners of a sled) with a damp skin, usually a bear skin","[-R]/glacer qqch. (la mousse sur les patins d'un traîneau) avec une peau humide, d'habitude une peau d'ours",,nanuq/1n+iq/?,,,,.
nanunnguaq,,1,n,,,,,,,,,"cup for ""cup-and-ball"" game",gobelet pour le jeu de bilboquet,,,nanuq,1,n,.
nanuraq,,1,n,,,,,,,,,polar-bear skin,peau d'ours polaire,,,nanuq,1,n,.
nanuujaq,,1,n,,zoo,,,,,,,earth spider,araignée terrestre,,,nanuq,1,n,.
napaaqtuq,,1,n,,bot,,,,,,,tree,arbre,,,napa,1,v,.
naqaraq,,1,n,,,,,,,,,pan of snow placed on top of trap to hide it,plaque de neige placée au-dessus d'un piège pour le dissimuler,,,naqaq,1,v,.
narsiaq,,1,n,,,,,,,,,nose-guard or nose protector,protège-nez,,,narsit,1,v,.
nasirsurvik,,1,n,,,,,,,,,look-out; vantage point,point d'observation,,,nasit,1,v,.
nattaugaq,,1,n,,,,,,,,,Jew's harp,guimbarde,,,naktit,1,v,.
naujajjuaq,,1,n,,zoo,,,,,,,sea gull; herring gull,mouette; goéland argenté,,,nauja,1,n,.
naujavak,naujavik,1,n,,zoo,,,,,,,herring or glaucous gull,goéland argenté ou goéland à ailes grises,,,nauja,1,n,.
naukkiaq,,1,v,t,,,,,,,si/1vv,[T]to throw a spear or harpoon at s.t.[P]to be thrown a spear or harpoon at,[T]lancer une lance ou un harpon sur qqch.[P]se faire lancer une lance ou un harpon dessus,,,,,,.
nauligaut,,1,n,,,,,,,,,fish spear or javelin,harpon ou javelot à poisson,,,,,,.
naulik,,1,v,t,,,,,,,si/1vv,[-R]to /harpoon or /spear s.t.,[-R]/harponner qqch.,,,,,,.
naullaq,,1,n,,,,,,,,,wound of harpoon or spear point,blessure causée par la pointe d'un harpon,,,,,,.
nibjaartitaq,,1,n,,,,,,,,,accordion or concertina (Padl.),accordéon ou concertina (Padl.),,,nibjaaq,1,v,.
nigjuarjuk,,1,n,,zoo,,,,,,,small red-brown earth spider of barren lands,petite araignée terrestre rouge-brun des terres arides,,,nigjuk,1,n,.
niksaaqtuq,,1,n,,zoo,,,,,,,ptarmigan,ptarmigan,,,niksaaq,1,v,.
nilirnaktuq,,1,n,,,,,,,,,bean,fève,,,niliq,1,v,.
nimartuq,,1,n,,zoo,,,,,,,jelly-fish,méduse,,,,,,.
ningiusuk,,1,n,,,,,,,,,girld friend (S. Baffin),amie de coeur (Baffin sud),,,ningiuq,1,n,.
nipit,,2,v,t,res,,,,,,i/1vv si/1vv,to /stick s.t. to something or /make s.t. to adhere to something,/coller qqch. à quelque chose; [T]faire adhérer qqch. à quelque chose[P]être dans l'état où quelqu'un l'a fait adhérer à quelque chose[R]adhérer à quelque chose,,nipi/1v+t/1vv,,,,.
niqaituq,,1,n,,,,,,,,,welfare,bien-être,,,niqi,1,n,.
niqaq,,1,v,i,a,,,,,,,"to have fattened out, become fleshier","avoir engraissé, grossi",,,niqi,1,n,.
niqittijuq,,1,n,,,,,,,,,Friday,vendredi,,,,,,.
nirlirnaq,,1,n,,,,,,,,,Richardson's goose; common Brant goose,bernache cravant,,,nirliq,1,n,.
nirrit,nirritit,1,n,,,p,,,,,,eating utensils,ustensiles,,,niri,1,v,.
niurrut,,1,n,,,,,,,,,reason to come in or commute or trade from outlying camp,"raison de venir, de voyager, ou de marchander, en provenance d'un campement isolé",,,niurru,1,v,.
nubvit,,1,n,,,,,,,,,beading needle,"aiguille à perles, à gouttes",,,nuvi,1,v,.
nugluktaq,,1,n,,,,,,,,,"ivory or bone piece with holes used in the game of ""nu[g]luktartuq""","pièce en ivoire ou en os avec des trous utilisée dans le jeu de ""nu[g]luktartuq""",,,nugluk,1,v,.
nukatugag,,1,n,,zoo,,,,,,,yearling caribou or walrus,bébé caribou ou morse,,,nukaq,1,n,.
nuliaq,,1,v,i,,,,,,,,to copulate,copuler,,,nuliaq,1,n,.
nuliasuk,,1,n,,,,,,,,,bachelor (one not yet married),célibataire,,,nuliaq,1,n,.
nuliu,,1,v,i,a,,,,,,,"to be in heat, speaking of a female dog or bitch","être en chaleur, en parlant d'une chienne",,,nuliaq,1,n,.
nunajaq,,1,n,,,,,,,,,shrub,arbuste,,,nuna,1,n,.
nunalik,,1,n,,,,,,,,,camp; village; settlement; community,campement; village; communauté,,,nuna,1,n,.
nunaqarvik,,1,n,,,,,,,,,camp; village; settlement; community,campement; village; communauté,,,nuna,1,n,.
nurrait,,1,n,,,p,,,,,,month of May,mois de mai,,,nurraq,1,n,.
nutaqqi,,1,v,i,,,,,,,,to give birth to a child,donner naissance à un enfant,,,nutaraq,1,n,.
nuvirsaaksaq,,1,n,,,,,,,,,knitting wool; yarn,laine à tricoter; fibre textile,,,nuvirsaq,1,v,.
nuvirsaaq,,1,n,,,,,,,,,woolen article,article en laine,,,nuvirsaq,1,v,.
paani,,1,a,,,,,,,,,in heaven,au ciel,,pagga/rad-ml+ani/tad-loc,,,,.
pakinaq,,1,v,i,,,,,,nil,,to draw s.t. in or press s.t. in repeatedly,rentrer ou enfoncer qqch. de façon répétée,,,pakinik,1,v,.
pamialluq,,1,n,,ana,,,,,,,sacrum,sacrum,,,pamiuq,1,n,.
pamii,,1,v,i,,,,,,,,to stick its tail up in the air,lever la queue en l'air,,,pamiuq,1,n,.
pamiulik,,1,n,,zoo,,,,,,,black squirmer; tadpole,têtard,,,pamiuq,1,n,.
pamiurtuq,,1,n,,zoo,,,,,,,otter,loutre,,,pamiuq,1,n,.
papiqquq,,1,n,,,,,,,,,bird's tail,queue d'oiseau,,,papik,1,n,.
papirursuq,,1,v,i,,,,,,nil,,"to steer, to guide a vehicle",conduire un véhicule,,,papik,1,n,.
paurngaaluk,,1,n,,,,,,,,,apple; peach; etc.,pomme; pêche; etc.,,,paurgnaq,1,n,.
paut,,1,n,,,,,,,,,paddle,pagaie,,,paruq,1,v,.
pikiut,,1,v,i,,,,,,,,to find bird's eggs,chercher des oeufs d'oiseau,,,pikiu,1,n,.
pingajuat,,1,n,,,,,,,,,Wednesday [WCHB; N. Baffin],mercredi (Baffin sud; côte est Baie d'Hudson),,,pingasut,1,n,.
pingattituq,,1,n,,,,,,,,,Wednesday [ECHB; S. Baffin],mercredi (Baffin sud; côte est Baie d'Hudson),,,pingasut,1,n,.
pinngitturtuq,,1,n,,,,,,,,,relief ship or relief expedition to meet party with supplies at specified date,bateau ou expédition de secours pour apporter des provisions à une date déterminée,,,pi,1,v,.
piqannirijaq,piqannarijaq,1,n,,,,,,,,,friend,amie de coeur (Baffin sud),,,piqanniq,1,v,.
piqatik,,1,n,,,,,,,,,partner; companion; associate; team-mate,paternaire; compagnon; associé; coéquipier,,,pi,1,v,.
pirluaq,,1,n,,,,,,,,,abortion; miscarried birth,avortement,,,pirliq,1,v,.
pirujaq,,1,n,,,,,,,,,meat cache; s.t. covered with stones,cache de viande; quelque chose couvert de pierres,,,piru,1,v,.
pitiksaq,,1,v,i,,,,,,nil,,to suddenly let go of s.t. held taut,laisser soudainement aller quelque chose qui était retenu fermement,,,,,,.
pitiksiliut,,1,n,,,,,,,,,screw-driver,tournevis,,,,,,.
pitiksitaq,,1,n,,,,,,,,,arrow quiver,carquois,,,,,,.
pitiksitaq,,2,n,,ana,,,,,,,pancreas,pancreas,,,,,,.
pitiktaq,,1,v,t,,,,,,,i/1vv,[-R]to /shoot at s.t. with bow and arrow,[-R]/tirer-sur qqn avec un arc et des flèches,,,,,,.
pitti,,1,v,i,,,,,,,,to compose a song or lyric,composer une chanson ou des paroles de chanson,,,pisiq,1,n,.
pitturluk,,1,v,i,,,,,,,,to walk lamely or with a defect,marcher en boitant,,,pisuk,1,v,.
piusibvik,,1,n,,,,,,,,,place to hold or put things; container or holder,endroit où on garde ou met des choses; contenant ou objet pour porter quelque chose,,,pi,1,n,.
puiji,,1,n,,zoo,,,,,,,any sea animal that pops its head out of the water,tout animal marin qui sort la tête de l'eau,,,pui,1,v,.
pujat,,1,v,i,a,,,,,,,"to be rancid and congealed, speaking of grease or oil; to be covered with rancid yellow grease","être rance et congelée, en parlant de graisse ou d'huile; être couvert de graisse rance jaune",,,puja,1,n,.
pujuulatti,,1,v,i,,,,,,,,to smoke tobacco,fumer du tabac,,,pujuq,1,n,.
pujuulattit,,1,n,,,,,,,,,smoking pipe; cigarette,pipe; cigarette,,,pujuq,1,n,.
pujuuq,,1,v,i,,,,,,,,to steam,dégager de la vapeur,,,pujuq,1,n,.
pukkuliut,,1,n,,,,,,,,,wood chisel,ciseau à bois,,,,,,.
pukuluk,,1,v,i,,,,,,nil,,to gobble or swallow s.t. whole,avaler quelque chose tout rond,,,pukuk,1,v,.
pullaujaq,,1,n,,,,,,,,,glass; s.t. made of glass,verre; quelque chose fait en verre,,,,,,.
punnirniq,,1,n,,,,,,,,,European pork-fat lard,lard de porc,,,,,,.
pusialuk,,1,n,,zoo,,,,,,,tiger; lion,tigre; lion,,,pusi,1,n,.
puurtaq,,1,n,,,,,,,,,filleted caribou meat wrapped in caribou skin,viande de caribou en filets enveloppée dans une peau de caribou,,,puuq,1,n,.
puurusiq,,1,n,,,,,,,,,food bag; shopping bag,sac d'épicerie; sac de magasinage,,,puuq,1,n,.
puurutaq,,1,n,,,,,,,,,large flat platter or tray,plateau ou plat large,,,puuq,1,n,.
puuttaq,,1,n,,,,,,,,,sealskin turned inside out holding oil and meat (ECHB),peau de phoque retournée pour converver de l'huile et de la viande (côte est Baie d'Hudson),,,puuq,1,n,.
puviakataq,,1,n,,,,,,,,,balloon,ballon,,,puviq,1,v,.
puviaq,,1,n,,,,,,,,,bird's crop,jabot d'oiseau,,,puvak,1,n,.
puvigaq,,1,n,,,,,,,,,balloon,ballon,,,puviq,1,v,.
puviksukaq,,1,v,i,,,,,,,,to make the characteristic noise of sled runners or others pulled or rolled over the snow,émettre le son caractéristique de patins de traîneau ou de quelque chose qui est tiré ou roulé sur la neige,,,,,,.
puviksulaaq,,1,v,i,,,,,,,,to make the characteristic noise of sled runners or others pulled or rolled over the snow,émettre le son caractéristique de patins de traîneau ou de quelque chose qui est tiré ou roulé sur la neige,,,,,,.
puviraq,,1,n,,,,,,,,,"ship's cabin, below-deck",cabine de bateau; pont inférieur,,,puviq,1,v,.
puvit,,1,v,i,a,,,,,,,to be swollen or puffed up,"être enflé, gonflé",,,puviq,1,v,.
qaggimiu,qaggimiuq,1,v,i,,,,,,,,"to feast, to make merry together","fêter, festoyer ensemble",,,qaggi,1,v,.
qaiqqaq,,1,v,t,,,,,,,si/1vv,"[-R]to /polish, /smooth, /plane s.t.","[-R]/polir, /lisser, /aplanir qqch.",,,qaiq,1,v,.
qairat,,1,v,i,a,,,,,,,to be smooth-surfaced,avoir une surface lisse,,,qaiq,1,v,.
qairusuk,,1,n,,,,,,,,,cave in granite or rock bluff or hill,grotte dans un mur ou une colline de roc ou de granit,,,qaiq,1,v,.
qajuutaq,,1,n,,ana,,,,,,,bump of the heel (N. Baffin),bosse du talon (Baffin nord),,,qajuq,1,n,.
qaksungabvik,,1,n,,,,,,,,,braid attached to parka on which the rope and buckles is fastened,ganse fixée au parka pour attacher la corde et les boucles,,,,,,.
qaksungaut,qaksungautik,1,n,,,,,,,,,(1) rope and buckles used to hold up hood of woman's parka (2) diamond-shaped object; diamond suit in pack of playing cards,(1) corde et boucles utilisées pour retenir le capuchon d'un parka de femme (2) objet en forme de diamant; cartes de carreau dans un jeu de cartes,,,,,,.
qala,,1,v,t,,,,,,,si/1vv,[T]to lay on top of s.o.; to smother s.o. by laying on him [P]to be lain upon or smothered by being lain upon,[T]être couché ou assis sur qqn; étouffer qqn en étant couché ou assis dessus[P]avoir quelqu'un couché ou assis sur soi; être étouffé par quelqu'un couché ou assis sur soi,,qaa/1n+?,,,,.
qalaiq,,1,v,i,,,,,,,,"to swirl or churn in bubbles, speaking of water","tourbillonner ou faire des remous en faisant des bulles, en parlant de l'eau",,,qalaaq,1,v,.
qaliarutaq,,1,n,,,,,,,,,piece of wood added to the top of the sled-runner points,pièce de bois ajoutée par-dessus les pointes des patins de traîneau,,,qaa,1,n,.
qalipaq,,1,n,,,,,,,,,top coat; outer covering,manteau,,,qaa,1,n,.
qalliniq,,1,n,,ana,,,,,,,"instep of foot, also of boot","coup-de-pied du pied, et aussi des bottes",,,qaa,1,n,.
qalliq,,1,n,,,,,,,,,the top one,celui sur le dessus,,,qaa,1,n,.
qalliq,,1,v,t,,,,,,,si/1vv,"to /cover, to /paint s.t.","/recouvrir, /peindre qqch.",,,qaa,1,n,.
qallut,qallutik,1,n,,,,,,,,,dipper or water dipper,louche,,,qaa,1,n,.
qalluti,,1,v,i,,,,,,,,"to go over the top of one's boots, speaking of the water","passer par-dessus le dessus des bottes, en parlant de l'eau",,,qaa,1,n,.
qapiartittuq,,1,n,,,,,,,,,mirage,mirage,,,,,,.
qaplunaaq,,1,n,,,,,,,,,white-man; European,homme blanc; Européen,,,qablu,1,n,.
qaplunaartaq,,1,n,,,,,,,,,thing of white-man or European manufacture,chose fabriquée par l'homme blanc ou européen,,,qablu,1,n,.
qaplunaarut,,1,n,,ana,,,,,,,Adam's apple,pomme d'Adam,,,qablu,1,n,.
qaplursuq,,1,v,i,,,,,,,,to blink,cligner des yeux,,,qablu,1,n,.
qarsaugaq,,1,n,,zoo,,,,,,,baby red-throat loon,caneton du huard à gorge rousse,,,,,,.
qat&apak,,1,n,,bot,,,,,,,perennial of barren lands,plante vivace des terres arides,,,qattik,1,v,.
qatigaq,,1,v,i,,,,,,,,"to show only one's back while floating on the water, speaking of the seal","ne montrer que le dos en flottant sur l'eau, en parlant du phoque",,,qatigak,1,n,.
qatigiijaq,,1,v,i,,,,,,,,"to sleep floating on the water, speaking of the seal","dormir en flottant à la surface de l'eau, en parlant du phoque",,,qatigak,1,n,.
qatigiq,,1,v,i,,,,,,,,to float with upper body or back out of the water,flotter avec le haut du corps ou le dos hors de l'eau,,,qatigak,1,n,.
qattaujaq,,1,n,,,,,,,,,oil drum,baril d'huile,,,qattaq,2,n,.
qattuaq,,1,n,,ana,,,,,,,bicep,bicep,,,qattik,1,v,.
qaukpat,,1,n,,,,,,,,,tomorrow (Baffin; ECHB),demain (Baffin; côte est Baie d'Hudson),,,qauk,1,v,.
qauma,qaumaq,1,v,i,a,,,,,,,"to be light, bright, illuminated","être clair, lumineux, illuminé",,,qauk,1,v,.
qaumalik,,1,n,,,,,,,,,Roman Catholic priest (Ungava; ECHB),prêtre catholique romain (Ungava; côte est Baie d'Hudson),,,qauk,1,v,.
qauqqarvik,,1,n,,,,,,,,,month of November,mois de novembre,,,qauk,1,v,.
qaurrit,,1,v,t,,,,,,,si/1vv,"[T]to knick s.t. (hand, arm, leg, etc.); to knock a piece of flesh out of s.t.[P]to be knicked (hand, arm, leg, etc.); to be knocked a piece of flesh out of[R]to knick oneself (hand, arm, leg, etc.); to knock a piece of one's own flesh","[T]arracher une morceau de peau de qqch. (main, bras, jambe, etc.)[P]avoir un morceau de peau arrachée (main, bras, jambe, etc.)[R]s'arracher un morceau de peau (main, bras, jambe, etc.)",,,qauq,1,v,.
qautamaat,,1,a,,,,,,,,,daily; every day,quotidiennement; chaque jour,,,qauk,1,v,.
qiajuq,,1,n,,,,,,,,,Evangelical Protestant (weeper),protestant évangéliste,,,qia,1,v,.
qiaksuk,,1,v,i,,,,,,,,"to howl, speaking of the wind","hurler, en parlant du vent",,,qia,1,v,.
qibliqijaq,,1,n,,,,,,,,,mica,mica,,,qibliq,1,v,.
qijuarjuk,,1,n,,,,,,,,,stick; board; small piece of wood,bâton; tableau; petite pièce de bois,,,qijuk,1,n,.
qijukkut,,1,n,,,,,,,,,box (WCHB),boîte (côte ouest Baie d'Hudson),,,qijuk,1,n,.
qijuksaq,,1,n,,,,,,,,,firewood,bois pour le feu,,,qijuk,1,n,.
qijuktaq,,1,n,,,,,,,,,wooden part of s.t. which is made of combination of materials,partie en bois de qqch. qui est fait de plusieurs matériaux,,,qijuk,1,n,.
qikirtaugaq,,1,n,,,,,,,,,small island; islet,petite île; îlot,,,qikirtaq,1,n,.
qikturiaq,,1,v,i,,,,,,,,"to bite, speaking of mosquito","piquer, en parlant d'un moustique",,,qikturiaq,1,n,.
qikturiilitaq,,1,n,,,,,,,,,mosquito net,filet à moustiques,,,qikturiaq,1,n,.
qikuktuq,,1,v,t,,,,,,,i/1vv,[-R]to /fuel s.t. (a stove or a fire),[-R]/alimenter qqch. (un four ou un feu),,,qijuk,1,n,.
qimirruaq,,1,n,,,,,,,,,"magazine, book, newspaper","magazine, livre, journal",,,qimirru,1,v,.
qimmirjuaq,qingmirjuaq,1,n,,zoo,,,,,,,horse,cheval,,,qimmiq,1,n,.
qinugi,,1,v,t,,,,,,,,to be impatient with or tired of the one begging for s.t. which is refused,être impatient ou fatigué envers quelqu'un qui demande quelque chose qu'on lui refuse,,,qinu,1,v,.
qiqit,,1,v,i,,,,,,,,"to freeze, speaking of a member or body part","geler, en parlant d'un membre ou d'une partie du corps",,,qiqi,1,v,.
qirnaksi,,1,v,i,,,,,,,,"to begin, speaking of the cold weather","commencer, en parlant du temps froid",,,qiqi,1,v,.
qirraq,,1,v,i,,,,,,,,to die from freezing or exposure,mourir de froid,,,qiqi,1,v,.
qisilik,,1,n,,,,,,,,,"shaman's word for ""jar seal""","mot du shaman pour ""phoque annelé""",,qisik/1n+lik/1nn,,,,.
qisiujaq,,1,n,,,,,,,,,leather (European manufacturer),cuir (fabrication européenne),,qisik/1n+u/1nv+jaq/3vn,,,,.
quajaqit,,1,v,i,,,,,,,,to slip on a slippery surface,glisser sur une surface glissante,,quajaq/1+?,,,,.
quarsaq,,1,v,i,,,,,,,,to freeze emotionally; to faint,"geler émotivement; se sentir mal, défaillir",,quaq/1v+saq/1vv,,,,.
quarta,,1,v,i,a,,,,,,,to have itchiness of the anus or rectum because of intestinal worms,avoir des démangeaisons à l'anus ou au rectum à cause de vers intestinaux,,quartaq/1n+?,,,,.
qubviuq,,1,v,i,a,,,,,,,to have watering eyes from smarting or irritation,"avoir les yeux humides dû à l'irritation ou à la douleur ou la fumée, etc.",,qubvik/1n+?,,,,.
qujannamiiq,,1,v,i,,,,,,nil,,to thank s.o.,"remercier, être reconnaissant",,quja/1v+naq/1vv+?,,,,.
qulaagulik,,1,n,,,,,,,,,helicopter,hélicoptère,,qula/1n+ngagut/tn-via-s-4s+lik/1nn,,,,.
qulaaq,,1,v,i,,,,,,gi/4vv,,to doubt someone or something,douter de quelqu'un ou de quelque chose,,,qula,1,v,.
qungasiniq,,1,n,,,,,,,,,neck,"coup-de-pied du pied, et aussi des bottes",,,qungasiq,1,n,.
qupannuarjuk,,1,n,,zoo,,,,,,,snow bunting; snowbird,bruant des neiges,,,qupannuaq,1,n,.
qupiqquaq,,1,n,,zoo,,,,,,,maggot; dung-fly worm,vers de mouche à merde; asticot,,,qupiqquq,1,n,.
ququarut,,1,n,,,,,,,,,trumpet; horn,trompette; cor,,,ququaq,1,v,.
saaliriji,,1,n,,,,,,,,,table waiter,serveur de table,,,saa,1,n,.
saat,,1,v,t,,,,,,,si/1vv,[T]to turn to face s.o. or s.t.[P]to be turned toward as to be faced,[T]se tourner vers qqn ou qqch. pour lui faire face[P]être dans l'état de qqn ou qqch. vers qui on se tourne pour lui faire face,,,saa,1,n,.
saaviniq,,1,n,,ana,,,,,,,chest or breast of seal or sea mammal,poitrine ou tétines d'un phoque ou d'un mammifère marin,,,saa,1,n,.
sagvik,,1,n,,ana,,,,,,,chest; human chest,poitrine; poitrine de l'humain,,,saa,1,n,.
sanngniq,,1,v,i,a,,,,,,,to have one's body or muscles stiff and sore from physical exertion,avoir le corsp ou les muscles raides et endoloris à cause de l'effort,,,sanngi,1,v,.
sarpiak,,1,n,,,,,,,,,tail of a whale,queue de la baleine,,,sarpik,1,n,.
sarrut,,1,v,i,,,,,,nil,,to go around the front of s.t.,faire le tour devant qqch.,,,saa,1,n,.
siaruut,,1,n,,,,,,,,,button,bouton,,,,,,.
siiqquaq,,1,n,,ana,,,,,,,knee-cap,rotule,,,siiqquq,1,n,.
singiktartuq,,1,n,,,,,,,,,pump-action rifle,fusil à pompe,,,,,,.
siqinirutik,,1,n,,,,,,,,,clock; watch (ECHB),horloge; montre (côte est Baie d'Hudson),,,siqiniq,1,n,.
siqirngujaq,,1,n,,,,,,,,,(1) magnifying glass (WCHB) (2) clock; watch (N. Baffin),(1) loupe grossissante (côte ouest Baie d'Hudson) (2) horloge; montre (Baffin nord),,,siqiniq,1,n,.
sirmiaq,,1,v,t,,,,,,,ri/1vv,[-R]to /cement s.t. with dampened snow,"[-R]/cimenter, /sceller qqch. avec de la neige humectée",,sirmiq/1n+aq/2nv,,,,.
sivataarvak,,1,n,,,,,,,,,Saturday (N. Baffin),samedi (Baffin nord),,,siva,1,n,.
sungu,,1,v,i,a,,,,,,,to be bilious; to be sick from rich or fatty food,avoir de la bile; être malade à cause de nourriture trop riche et grasse,,,sungaq,1,n,.
supuaq,,1,i,,,,,,,,,to puff or exhale air - said of a sea mammal,"souffler ou expirer l'air, en parlant d'un mammifère marin",,,supi,1,v,.
suputit,,1,n,,,p,,,,,,pussy-willow plant or leaves,saule blanc - arbre ou feuilles,,,supi,1,v,.
supuugaq,,1,n,,,,,,,,,"mouth-organ, harmonica [N. Baffin]",harmonica (Baffin nord),,,supi,1,v,.
supuugaq,,1,v,i,,,,,,,,"to play the mouth-organ, or harmonica [N. Baffin]",jouer de l'harmonica (Baffin nord),,,supi,1,v,.
supuujuuq,,1,n,,,,,,,,,primus stove (WCHB),réchaud Primus (côte ouest Baie d'Hudson),,,supi,1,v,.
supuuq,,1,v,i,,,,,,nil,,to blow at or on s.t. over an extended period of time,souffler sur quelque chose pendant une longue période de temps,,,supi,1,v,.
supuurtuut,supuurturut,1,n,,,,,,,,,smoking pipe [WCHB],pipe pour fumer (côte ouest Baie d'Hudson),,,supi,1,v,.
surpalak,,1,v,i,,,,,,,,"to purr, to putt-putt - said of a motor","ronronner, en parlant d'un moteur",,,surpalak,1,n,.
suuqaimma,,1,e,,,,,,,,,"exclamation of understanding: ""No wonder!"" ""It's not surprising""","exclamation : ""Ce n'est pas surprenant!""",,,suuq,1,a,.
taimait,,1,v,i,a,,,,,,,"to be like that, like the one shown or described (S. Baffin; ECHB)","être comme ça, comme celui montré ou décrit (Baffin nord; côte ouest Baie d'Hudson)",,taima/1a+it/3nv,,,,.
taimannait,,1,v,i,a,,,,,,,"to be like that, like the one shown or described (N. Baffin; WCHB)","être comme ça, comme celui montré ou décrit (Baffin nord; côte ouest Baie d'Hudson)",,taimanna/1a+it/3nv,,,,.
taitaq,,1,v,t,,,,,,,,[-R]to /spell s.t.,[-R]/épeller qqch.,,,tai,1,v,.
takpiktuq,,1,n,,,,,,,,,binoculars or telescope with powerful lense,jumelles ou télescope avec une lentille puissante,,,takpik,1,v,.
taliruaq,,1,n,,,,,,,,,fore-flipper of a walrus or whale,nageoire frontale du morse ou de la baleine,,,taliq,1,n,.
taliruq,,1,n,,,,,,,,,fore-flipper of a seal or square-flipper,nageoire frontale du phoque,,,taliq,1,n,.
tapit,,1,v,t,,,,,,,si/1vv,[-R]to /take or /get or /kill s.t. (two or more) at the same time,[-R]/attraper ou /tuer qqch. (deux ou plus) en même temps,,tapi/?+t/1vv,,,,.
taqqut,,1,n,,,,,,,,,wick tender,"""tender"" de mèche",,,taqqirsuq,1,v,.
tarrijaq,,1,v,i,,,,,,,,to attend or watch a movie,regarder un film,,,tarraq,1,n,.
tarrijaut,,1,n,,,,,,,,,movie projector,projecteur de film,,,tarraq,1,n,.
tatamnak,,1,v,i,a,,,,,,,to be astonishing or wonderful; miraculous,"être étonnant, surprenant, merveilleux; miraculeux",,,,,,.
tatiggarjuaq,,1,n,,zoo,,,,,,,sandhill crane,grue du Canada,,,tatiggaq,1,n,.
tauturannaq,,1,n,,,,,,,,,magazine; picture book; illustrated,magazine; livre d'images; illustré,,,tautuk,1,v,.
tibjaaluk,,1,n,,,,,,,,,(1) flotsam and jetsam; drift wood or wreckage which floats ashore (2) lure or bait for fish line,"(1) épave, débris flottant jusqu'au rivage (2) appât pour la ligne à pêche",,,tibjaq,1,n,.
tibjartaq,,1,n,,,,,,,,,flotsam or drift found on the shore or beach; things floated in with the tides,débris sur le rivage apportés par la marée,,,tibjaq,1,n,.
tibliq,,1,n,,,,,,,,,the more landward; the one higher up or further up on the land,plus à l'intérieur des terres; plus haut dans les terres,,,,,,.
tiglirtaq,,1,n,,ana,,,,,,,pulse; pulse point,pouls; point de vérification du pouls,,,tigliq,1,v,.
tiguarsi,,1,n,,,,,,,,,adopting parent; foster parent,parent adoptif,,,tiguaq,1,n,.
tigumiaq,,1,v,i,,,,,,nil,,to hold something in one's hands or arms,tenir quelque chose dans les mains ou les bras,,,tigu,1,v,.
tigummit,,1,n,,,,,,,,,tiller; steering handle or bar of engine,barre; manche de direction,,,tigu,1,v,.
tikaagut,,1,n,,,,,,,,,harpoon-line catch,"""catch"" de la ligne du harpon",,,,,,.
tikkuaq,,1,v,i,,,,,,nil,,to point at something,la pointe de quelque chose,,,tikiq,1,n,.
tikkuq,,1,v,i,a,,,,,,,to be straight,être droit,,,tikiq,1,n,.
tiksa,,1,v,i,,,,,,,,to erect - said of man's penis,être en érection - en parlant du pénis de l'homme,,,tikiq,1,n,.
tiktau,,1,v,i,a,,,,,,,to be blown by the wind or wafted by the waves,être soufflé par le vent ou les vagues,,,,,,.
timmuaq,timmuuq,1,v,i,,,,,,,,to have gone ashore,être débarqué sur le rivage,,,tima,1,n,.
tingmialaaq,,1,n,,zoo,,,,,,,birdling; baby bird,oisillon,,,tingmi,1,v,.
tingmiaq,,1,n,,zoo,,,,,,,bird,oiseau,,,tingmi,1,v,.
tingmiarniut,tingmiarsiut,1,n,,,,,,,,,shot-gun; gun for birds,fusil de chasse; fusil pour les oiseaux,,,tingmi,1,v,.
tingmisuuq,,1,n,,,,,,,,,airplane,avion,,,,,,.
tiqitturaq,,1,n,,zoo,,,,,,,small-sized or yearling bearded seal or squareflipper,"petit phoque barbu, ou phoque barbu bébé",,,tiqittuq,1,n,.
tiriganiaq,,1,v,i,,,,,,,,to catch a fox,attraper un renard,,,tiriganiaq,1,n,.
tirliaq,,1,v,t,,,,,,,si/1vv,[-R]to /take s.o. by stealth or unawares; to /stalk s.o. or /creep up on s.o.,[-R]/prendre qqn par surprise; /traquer ou /surprendre qqn,,,tirlik,1,v,.
tuaqatik,,1,n,,,,,,,,,companion; partner; associate,"compagnon, partenaire, associé",,,,,,.
tuavi,,1,e,,,,,,,,,"exclamation: ""hurry up!""",,,,tuaviq,1,v,.
tubvik,,1,n,,,,,,,,,place where s.t. hits or touches against s.t. else,endroit où qqchose entre en contact avec une autre chose,,,tut,1,v,.
tugliq,,1,n,,,,,,,,,"the next one, preceding or following","celui à côté, suivant ou précédent",,,tugli,1,n,.
tujjapik,,1,v,i,,,,,,,,to walk jarringly or blunderly,marcher  maladroitement,,,tut,1,v,.
tujjaq,,1,v,i,,,,,,,,to hurt the soles of one's feet on rought terrain - said of a dog,"se blesser la plante des pattes sur un sol rugueux, en parlant d'un chien",,,tut,1,v,.
tujurmiaq,,1,n,,,,,,,,,lodger; (hotel) guest,client d'hôtel,,,tujurmi,1,v,.
tujurmivik,,1,n,,,,,,,,,hotel,hotel,,,tujurmi,1,v,.
tukaq,,1,v,t,,,,,,,si/1vv,"[T]to stamp, stomp, tread, tramp upon s.t. repeatedly[P]to be trod, trampled, or stomped; rested upon; pushed by sole of someone's foot, repeatedly[R]to tread, tramp, or stomp; rest upon; push on something  with one's foot's sole, repeatedly","[T]piétiner, pousser qqch. du pied de façon répétée[P]être piétiné, poussé du pied de façon répétée[R]piétiner de façon répétée",,,tukiq,1,v,.
tulugarjuaq,,1,n,,zoo,,,,,,,raven,corbeau,,,tulugaq,1,n,.
tulugarnaq,,1,n,,zoo,,,,,,,small species of white owl,petite espèce de hibou blanc,,,tulugaq,1,n,.
tumangijaq,,1,v,i,,,,,,,,to have lost the tracks or footprints temporarily but have found them again,"avoir perdu la trace d'un gibier, d'une personne ou d'un véhicule temporairement et l'avoir retrouvée",,,tumi,1,n,.
tumanngii,,1,v,i,,,,,,,,"to have lost the track or prints of the game, people or vehicle irretrievably","avoir perdu la trace d'un gibier, d'une personne ou d'un véhicule irrémédiablement",,,tumi,1,n,.
tumaraq,,1,n,,,,,,,,,low steps,marches basses,,,tumi,1,n,.
tunga,,2,v,i,a,,,,,,,to be in a state of resting upon or sitting upon s.t.,être assis ou se reposer sur quelque chose,,,tut,1,v,.
tungabvik,,1,n,,,,,,,,,base of foundation,base d'une fondation,,,tut,1,v,.
tunnuujaq,,1,n,,,,,,,,,quartz; granite or chalk quartz,quartz; quartz de granit ou de craie,,,tunnuq,1,n,.
tunusuk,,1,n,,ana,,,,,,,nape of the neck,nuque,,,tunu,1,n,.
tunut,,1,v,t,,,,,,,i/1vv si/1vv,[T]to turn one's back on s.t. or s.o.[P]to be turned someone's back upon,[T]tourner le dos à qqn ou qqch.[P]se faire tourner le dos par qqn,,,tunu,1,n,.
tupaijaq,,1,v,i,,,,,,,,to run or fly away quickly - said of an animal or bird,"fuir rapidement, en parlant d'un animal ou d'un oiseau",,,,,,.
tupqiq,,1,v,t,,,,,,,si/1vv,[T]to take down his tent for s.o.[P]to be taken down one's tent[R]to take down one's own tent,[T]démonter la tente de qqn[P]avoir sa tente démontée par qqn[R]démonter sa propre tente,,,tupiq,1,n,.
tupsi,,1,v,i,,,,,,,,to come across animal tracks or footprints,rencontrer des traces d'animaux ou des traces de pas,,,,,,.
tuptit,,1,v,t,,,,,,,si/1vv,to push and pat the snow-blocks against one another,pousser et tapper des blocs de neige l'un contre l'autre,,,tut,1,v,.
tur&uaq,,1,n,,,,,,,,,exterior or outer terminal of a pipe or duct or passage; spout; spigot; faucet; exit pipe; exhaust pipe,"bout extérieur d'un tuyau, d'un conduit, d'un passage; bec verseur; robinet; bonde; tuyau d'échappement; tuyau d'évacuation",,,tur&uk,1,n,.
tursukataaq,,1,n,,,,,,,,,tin can,boîte en fer-blanc,,,,,,.
tusaa,,1,v,i,,,,,,nil,,to listen to s.t. or s.o. continuously,écouter continuellement,,tusaq/1v+a/1vv,,,,.
tusaaji,,1,n,,,,,,,,,interpreter,interprète,,tusaa/1v+ji/1vn,tusaq,1,v,.
tusaanngit,,1,v,i,a,,,,,,,to be stubborn or willful,"être entêté, obstiné, volontaire",,,tusaq,1,v,.
tusarniq,,1,v,i,a,,,,,,,to be pleasant or beautiful to hear,être plaisant ou beau à entendre,,,tusaq,1,v,.
tusaut,,1,n,,,,,,,,,news,nouvelles,,,,,,.
tutarut,,1,n,,ana,,,,,,,sideburn,favori (poils sur le côté du visage),,,tutaq,1,n,.
tutiriaq,,1,n,,,,,,,,,bag of deerskin on which an aglu-hunter stands in order to keep his feet warm,sac en peau de cerf sur lequel se tient debout un chasseur près d'un trou de phoque pour se garder les pieds au chaud,,,tuti,1,v,.
tutiriarmiutaq,,1,n,,,,,,,,,bag of deerskin on which an aglu-hunter stands in order to keep his feet warm,sac en peau de cerf sur lequel se tient debout un chasseur près d'un trou de phoque pour se garder les pieds au chaud,,,tuti,1,v,.
tuugaalik,,1,n,,zoo,,,,,,,narwhal,narval,,tuugaaq/1nj+lik/1nn,,,,.
tuugaaq,,1,n,,,,,,,,,animal tusk,défense d'animal,,tuugaq/1v+?,,,,.
tuugaq,,1,v,t,,,,,,,si/1vv,"to /hit, /poke, /ram s.t. head-on repeatedly with stick, cue, tusk, ram, etc.","/frapper, /piquer, /heurter qqch. de façon répétée avec un bâton, une défense (d'animal), etc.",,tuuq/1v+gaq/2vv,,,,.
tuulligjuaq,,1,n,,zoo,,,,,,,great northern diver or common loon,huard commun,,,tuullik,1,n,.
tuurngaq,,1,n,,,,,,,,,spirit; ghost,esprit; fantôme,,,tuurngi,1,v,.
tuututiksaq,,1,n,,,,,,,,,snow for sleeping platform of the igloo,neige de la plateforme pour dormir d'un igloo,,,,,,.
ubli,,1,v,i,,,,,,,,to stay or spend the day at someone's place,demeurer ou passer la journée chez quelqu'un,,,ubluq,1,n,.
ublisaut,,1,n,,,,,,,,,stone animal trap (WCHB),piège à animal en pierre (côte ouest Baie d'Hudson),,,,,,.
ugjua,,1,v,i,,,,,,,,to catch or bag many bearded seals,attraper ou tuer plusieurs phoques barbus,,,ugjuk,1,n,.
ugjuk,,1,v,i,,,,,,,,to catch or bag a bearded seal,attraper ou tuer un phoque barbu,,,ugjuk,1,n,.
ugjuujaq,,1,n,,,,,,,,,dark nimbus storm cloud,nuage sombre de tempête - nimbus,,,ugjuk,1,n,.
uglarnaq,,1,n,,,,,,,,,Thursday [WCHB],jeudi (côte ouest Baie d'Hudson,,,uglaq,1,v,.
uglarviksaq,,1,n,,,,,,,,,visiting hours,heures de visite,,,uglaq,1,v,.
uibjaaq,,1,v,t,res,,,,,,si/1vv,to /spin or /twirl or /revolve s.t.,[T]faire tourner qqch.[P]être fait tournoyer[R]tournoyer,,,,,,.
uigarniq,,1,n,,,,,,,,,widow,veuve,,,ui,1,n,.
uigasuk,,1,n,,,,,,,,,virgin; unmarried woman,vierge; femme non mariée,,,ui,1,n,.
uinik,,1,v,i,,,,,,,,to take a husband; to get married,prendre mari; se marier,,,ui,1,n,.
uirittak,,1,v,i,,,,,,,,to trie to stay close or fawn upon s.o. who has been a benefactor,essayer de demeurer près de quelqu'un qui a été un bienfaiteur,,,uirit,1,v,.
uirittuq,,1,v,i,,,,,,,,to trie to stay close or fawn upon s.o. who has been a benefactor,essayer de demeurer près de quelqu'un qui a été un bienfaiteur,,,uirit,1,v,.
uirsaq,,1,v,i,a,,,,,,,to be in heat - said of a female,"être en chaleur, en parlant d'une femelle",,,ui,1,n,.
uitta,,1,v,i,a,,,,,,,to have one's eyes open,avoir les yeux ouverts,,,uit,1,v,.
ujami,,1,n,,,,,,,,,collar; necklace; rosary,collier; chapelet,,,uja,1,n,.
ukaliarjuk,,1,n,,zoo,,,,,,,arctic hare,lièvre arctique,,,ukaliq,1,n,.
ukiaksaaq,,1,n,,,,,,,,,early fall (roughly September),début de l'automne (septembre),,,ukiaq,1,n,.
ukialiq,,1,n,,zoo,,,,,,,animal in its fall coat or bird in its fall plumage; skin or pelt taken in the fall,animal avec sa fourrure d'automne ou oiseau avec son plumage d'automne; peau ou fourrure prise en automne,,,ukiaq,1,n,.
ukianitaq,,1,n,,,,,,,,,s.t. of the fall or fall season,quelque chose relié à l'automne,,,ukiaq,1,n,.
ukkuiq,,1,v,t,,,,,,,si/1vv,[T]to open the door of s.t.; to open the door on s.o.; to press in the bolt of the rifle[P]to be opened - said of a door[R]to open - said of a door,"[T]ouvrir la porte de qqch.; ouvrir la porte à qqn; enfoncer le verrou du fusil[P]être ouverte, en parlant d'une porte[R]s'ouvrir, en parlant d'une porte",,,ukkuaq,1,v,.
ukpigjuaq,,1,n,,zoo,,,,,,,snowy owl,harfang des neiges,,,ukpik,1,n,.
ukusiksaq,,1,n,,,,,,,,,soapstone,pierre à savon,,,ukusik,1,n,.
ulaluujaq,,1,n,,,,,,,,,whirlwind; tornado; twister,tourbillon; tornade,,,,,,.
ulaluujaq,,1,v,i,,,,,,,,"to be tornadoing, twisting; to produce tornados or whirlwinds - said of the weather","venter en rafales tournoyantes, en tornade, en tourbillons",,,,,,.
ulibjalaaq,,1,v,i,,,,,,,,to gargle,se gargariser,,,,,,.
ulirnaiq,,1,v,t,,,,,,,si/1vv,"[-R]to /understand, /comprehend s.t.",[-R]/comprendre qqch.,,,,,,.
uliusiniq,,1,n,,,,,,,,,caribou back sinew with tenderloin meat adhering,muscle arrière du caribou avec la viande de filet,,,uliut,1,n,.
uliutaujaq,,1,n,,,,,,,,,large tobacco leaves laid one on top of the other,larges feuilles de tabac posées les unes sur les autres,,,uliut,1,n,.
ullutuinnaq,,1,n,,,,,,,,,Friday [N. Baffin],vendredi (Baffin nord),,,ubluq,1,n,.
uluagullik,,1,n,,zoo,,,,,,,Canada goose,oie ,,,uluaq,1,n,.
uluaq,,1,v,i,,,,,,nil,,to saw something with a carpenter's saw,scier avec une égoïne,,,uluq,1,v,.
uluarnaq,,1,n,,,,,,,,,rounded smooth snow drift,banc de neige lisse et arrondi,,,uluaq,1,n,.
ulujjau,,1,v,i,a,,,,,,,to be flooded; covered by the rising tide,"être inondé, submergé, couvert par la marée montante",,,ulit,1,v,.
ulurrait,,1,n,,,p,,,,,,sawdust; shavings or filings from a sawing operation,bran de scie,,,uluq,1,v,.
ulursit,,1,n,,,,,,,,,cold chisel,ciseau à froid,,,uluq,1,v,.
uluut,,1,n,,,,,,,,,carpenter's saw,égoïne,,,uluq,1,v,.
umaaq,,1,v,t,,,,,,,i/1vv si/1vv,"[T]to rip or tear the boot at the seam; to undo the boot seam[P]to be ripped or torn, speaking of a boot seam; to be undone, speaking of the boot at the seam[R]to rip; to come undone, speaking of a boot seam","[T]déchirer la botte à la couture; défaire la couture de la botte[P]être déchiré, en parlant d'une botte à la couture; être défaite, parlant de la couture d'une botte[R]se déchirer, se défaire, en parlant d'une couture de botte",,,umaq,1,n,.
umaiq,,1,v,t,,,,,,,si/1vv,[-R]to /mend or /sew s.t.,"/raccommoder, /coudre qqch.",,,umaq,1,n,.
umak,,1,v,i,a,,,,,,,to be unshaven,avoir la barbe pas rasée,,,umik,1,n,.
umialiktaq,,1,n,,,,,,,,,boat or ship captain,capitaine de bateau,,,umiaq,1,n,.
umiaraq,,1,n,,,,,,,,,small boat,petit bateau,,,umiaq,1,n,.
umijjiuq,,1,v,i,,,,,,,,to build a boat,construire un bateau,,,umiaq,1,n,.
umingaatti,,1,v,i,,,,,,,,to speak nasally,parler du nez,,,,,,.
umingmak,,1,n,,zoo,,,,,,,musk-ox,boeuf musqué,,,umik,1,n,.
umiu,,1,v,i,,,,,,,,to drown from boat capsizing,se noyer suite à un naufrage,,,umiaq,1,n,.
umngijaq,,1,v,t,res,,,,,,si/1vv,to /shave s.o.,/raser qqn,,,umak,1,n,.
umngut,,1,n,,,,,,,,,plug; stopper; bung; sealant,bouchon; bonde; scellant,,,umik,1,v,.
umrngut,urngut,1,n,,,,,,,,,carrying strap or sling (WCHB),"courroie, bandoulière, écharpe utilisée pour transporter quelque chose (côte ouest Baie d'Hudson)",,,,,,.
ungasik,ungavasik,1,v,i,a,,,,,,,to be far or distant,"être loin, éloigné",,,ungata,1,n,.
ungavak,,1,v,t,res,,,,,,si/1vv i/1vv,to /move or /put or /place s.t. farther away,/bouger ou /mettre ou /placer qqch. plus loin,,,ungata,1,n,.
unnuaq,,1,n,,,,,,,,,late night; last night,tard en soirée; hier soir,,,unnuk,1,n,.
uqaajuuq,,1,n,,,,,,,,,gramophone; record player (ECHB),gramophone; tourne-disque (côte est Baie d'Hudson),,,uqaq,1,n,.
uqalimaagaq,,1,n,,,,,,,,,book; magazine,livre; magazine,,,uqaq,1,n,.
uqallak,,1,v,i,,,,,,,,to chat; to gossip,bavarder; faire des commérages,,,uqaq,1,n,.
uqaluk,,1,v,i,,,,,,,,to speak on the telephone or the radio,parler au téléphone ou à la radio,,,uqaq,1,n,.
uqaujaq,,1,n,,,,,,,,,leaf (of plant or tree),feuille (d'une plante ou d'un arbre),,,uqaq,1,n,.
uqausiq,,1,n,,,,,,,,,(1) word; speech; s.t. said (2) language; dialect (3) manner or habit of speech,(1) mot; discours; quelque chose qui est dit (2) langue; dialecte (3) manière de parler,,,uqaq,1,n,.
uqummiaq,,1,v,i,,,,,,,,to hold something in one's mouth,tenir quelque chose dans sa bouche,,,uqummiq,1,v,.
uqummiaq,,1,n,,,,,,,,,(1) chunk of fat or skin floating in the oil of the stone lamp (2) candy,(1) morceau de gras ou de peau flottant dans l'huile de la lampe à huile (2) bonbon,,,uqummiq,1,v,.
urpigaq,,1,n,,bot,,,,,,,arctic willow,saule arctique,,,urpik,1,n,.
ursirvik,,1,n,,,,,,,,,oil valve; oil cup; oil screw,valve hydraulique; vis hydraulique,,,ursiq,1,v,.
ursualuk,,1,n,,,,,,,,,kerosene; coal oil,kérosène; huile de charbon,,,ursuq,1,n,.
ursuaq,,1,v,i,a,,,,,,,"to be calm, still - said of the sea, the surface of the water","être calme, en parlant de la surface de l'eau",,,ursuq,1,n,.
ursulik,,1,n,,,,,,,,,"wick (of lamp, lighter, etc.)","mèche (d'une lampe, d'un briquet, etc.)",,,ursuq,1,n,.
ursuriaq,,1,n,,,,,,,,,"pus, festering matter",pus; substance purulente,,,ursuq,1,n,.
urviujaq,,1,n,,,,,,,,,spoon (Padl.),cuillère (Padl.),,,,,,.
usinga,usingaq,1,v,i,a,,,,,,,to be naked; bare,être nu,,,usiq,1,v,.
usualigjuaq,,1,n,,zoo,,,,,,,large male caribou,gros caribou mâle,,,usuk,1,n,.
usuaq,,1,n,,,,,,,,,"penis of caribou, walrus, horse","pénis d'un caribou, d'un cheval, d'un morse",,,usuk,1,n,.
usuujaaqtuq,,1,n,,,,,,,,,sausage,saucisse,,,usuk,1,n,.
usuujaq,,1,n,,,,,,,,,horizontal bar or piece which juts from prow of boat,barre ou pièce horizontale qui fait saillie à la proue d'un bateau,,,usuk,1,n,.
uumaq,,1,v,i,,,,,,,,to come to life again,revenir à la vie,,,uuma,1,n,.
